,,,,,,,,,,,,,,,,,,
,,,,,,,,,,,,,,,,,,
,,day,MEF.identity,Astrocytes,32-cell,cell_growth_rate,serum,2i,major_cell_sets,cell_sets,batch,n_genes_by_counts,log1p_n_genes_by_counts,total_counts,log1p_total_counts,OG_log10_total_counts,age,cell_type
,D8_Dox_C1_TACTTGTAGAGGGATA-1,8,-0.2685091,-0.15555379,-0.17981306,1.8422155617829,True,True,,MET,D8_Dox_C1,1332,7.19518732017871,2373,7.7723317,3.3752978,8,MET
,D8_Dox_C1_ACCAGTATCTCAAGTG-1,8,-0.21659492,-0.16695942,-0.15652739,1.02235224271705,True,True,,MEF/other,D8_Dox_C1,1111,7.01391547481053,1905,7.552762,3.279895,8,MEF/other
,D8_Dox_C2_TTGGCAATCCTAGTGA-1,8,-0.24073707,-0.104406655,-0.11723389,1.43042847566239,True,True,,MET,D8_Dox_C2,1078,6.98378996525813,1949,7.575585,3.2898118,8,MET
,D8_Dox_C2_GCGGGTTTCGACCAGC-1,8,-0.1326888,-0.046442732,-0.11114972,0.59227217842557,True,True,,MEF/other,D8_Dox_C2,2002,7.60240133566582,4473,8.406038,3.650599,8,MEF/other
,D8_Dox_C2_GGGTTGCGTCGCGGTT-1,8,-0.2902038,-0.17145188,-0.26910096,1.19902450499073,True,True,,MET,D8_Dox_C2,1160,7.05703698169789,2048,7.6251073,3.31133,8,MET
,D8_Dox_C2_CAGCATATCTGTGCAA-1,8,-0.35098633,-0.1801095,-0.23300241,1.05767516267602,True,True,,MET,D8_Dox_C2,785,6.66695679242921,1233,7.1180162,3.0909634,8,MET
,D8_Dox_C1_CCGTACTTCCTAGGGC-1,8,-0.151183,-0.06463026,-0.10190989,2.62454854073897,True,True,,MEF/other,D8_Dox_C1,2201,7.69712131728263,5402,8.594709,3.7325547,8,MEF/other
,D8_Dox_C1_GATCGATGTCCCTACT-1,8,-0.20957111,-0.07675011,-0.15479852,3.48369043324698,True,True,,MET,D8_Dox_C1,1643,7.40488757561613,3147,8.0545225,3.497897,8,MET
,D8_Dox_C1_CTGTGCTCAATCCGAT-1,8,-0.29077116,-0.14100677,-0.22259857,1.00091655829349,True,True,,MEF/other,D8_Dox_C1,1065,6.97166860472579,1951,7.5766096,3.2902575,8,MEF/other
,D8_Dox_C2_TCCCGATGTTCGCGAC-1,8,-0.20908357,-0.15345287,-0.17223194,1.16567720440499,True,True,,MEF/other,D8_Dox_C2,807,6.6945620585211,1254,7.134891,3.0982978,8,MEF/other
,D8_Dox_C2_TAGCCGGTCGTAGATC-1,8,-0.2661984,-0.056930687,-0.21111812,1.00379357653835,True,True,,MEF/other,D8_Dox_C2,830,6.72262979485545,1331,7.194437,3.1241782,8,MEF/other
,D8_Dox_C2_CATCAAGAGACCACGA-1,8,0.5098811,0.112079844,-0.06464366,0.27808904577302,True,True,Stromal,Stromal,D8_Dox_C2,2048,7.6251071482389,3663,8.20631,3.563837,8,Stromal
,D8_Dox_C2_CAACCAAGTCACACGC-1,8,-0.0644121,-0.1592522,-0.18041459,1.10708859498109,True,True,,MEF/other,D8_Dox_C2,1087,6.99209642741589,1641,7.4036703,3.2151086,8,MEF/other
,D8_Dox_C1_TCGGTAACAATCCAAC-1,8,-0.15925118,-0.17285316,-0.077671684,1.57287156849608,True,True,,MET,D8_Dox_C1,1561,7.35372233039963,2875,7.9641557,3.458638,8,MET
,D8_Dox_C2_CTCGAAAAGAGCAATT-1,8,-0.28418455,-0.124346755,-0.14258558,1.00469082906088,True,True,,MEF/other,D8_Dox_C2,1179,7.07326971745971,2283,7.7336836,3.358506,8,MEF/other
,D8_Dox_C2_AAGCCGCAGCGCTTAT-1,8,-0.25668907,-0.15365061,-0.2035282,1.13082515005302,True,True,,MET,D8_Dox_C2,1011,6.91968384984741,1605,7.381502,3.205475,8,MET
,D8_Dox_C2_ACTGAGTTCCATTCTA-1,8,-0.23275751,-0.06264324,-0.04100681,2.28770173883241,True,True,,MET,D8_Dox_C2,1950,7.57609734062311,3991,8.2920475,3.6010818,8,MET
,D8_Dox_C2_CGGACGTCAAGTAGTA-1,8,-0.16607389,-0.09929141,-0.13300812,1.00109490998568,True,True,,MEF/other,D8_Dox_C2,1005,6.91373735065968,2100,7.650169,3.3222194,8,MEF/other
,D8_Dox_C2_GTCAAGTCAGTATGCT-1,8,-0.1596984,-0.13369371,-0.118308105,0.878502513699507,True,True,,MEF/other,D8_Dox_C2,1148,7.04664727784876,1970,7.5862966,3.2944663,8,MEF/other
,D8_Dox_C2_GGGAATGGTTCAGGCC-1,8,-0.12597851,-0.037673876,-0.11260993,1.12609817107869,True,True,,MEF/other,D8_Dox_C2,1903,7.55171221535131,3823,8.249052,3.5824044,8,MEF/other
,D8_Dox_C1_TTTGCGCGTCGCTTTC-1,8,-0.15979874,-0.1094531,-0.15618126,3.0718278588362,True,True,,MET,D8_Dox_C1,2036,7.61923341622681,4516,8.415604,3.654754,8,MET
,D8_Dox_C2_CGATCGGCACTTAAGC-1,8,-0.21609291,-0.06883173,-0.15726918,0.998389087617996,True,True,,MEF/other,D8_Dox_C2,1061,6.96790920180188,1979,7.5908523,3.2964458,8,MEF/other
,D8_Dox_C2_AAGGAGCAGGGATGGG-1,8,-0.282786,-0.19553901,-0.1904958,2.50420551350194,True,True,,MET,D8_Dox_C2,1235,7.11963563801764,1979,7.5908523,3.2964458,8,MET
,D8_Dox_C2_GGGAGATGTAGCTCCG-1,8,-0.2645367,-0.1647369,-0.17424521,3.02580514087307,True,True,,MET,D8_Dox_C2,1276,7.15226885603254,2245,7.716906,3.3512166,8,MET
,D8_Dox_C2_GTCAAGTGTATATGAG-1,8,-0.18413998,-0.10775728,-0.16715737,1.76081911161592,True,True,,MET,D8_Dox_C2,1950,7.57609734062311,4469,8.405144,3.6502104,8,MET
,D8_Dox_C1_CTCTGGTCAGGGCATA-1,8,-0.063638285,-0.1441442,-0.100035824,3.20008793566456,True,True,Epithelial,Epithelial,D8_Dox_C1,1652,7.41034709782102,2717,7.9076514,3.4340897,8,Epithelial
,D8_Dox_C2_CTGAAACGTAGCGTCC-1,8,-0.3249212,-0.09942653,-0.24144211,2.20810266035529,True,True,,MET,D8_Dox_C2,1691,7.43366654016617,3214,8.0755825,3.507046,8,MET
,D8_Dox_C2_CGTGAGCGTTGGACCC-1,8,-0.14754699,-0.14855017,-0.14072601,3.33715119311601,True,True,,MET,D8_Dox_C2,1795,7.49331724886214,3224,8.078689,3.5083952,8,MET
,D8_Dox_C1_CGTTCTGCATTTCAGG-1,8,-0.19609885,-0.10899084,-0.1675481,2.53416476457645,True,True,,MET,D8_Dox_C1,1754,7.47022413589997,3255,8.088255,3.512551,8,MET
,D8_Dox_C1_ACTGAACAGCCCAATT-1,8,-0.19793774,-0.15627679,-0.17847878,2.03366490946983,True,True,,MET,D8_Dox_C1,1623,7.39264752072162,2953,7.9909153,3.4702635,8,MET
,D8_Dox_C2_AATCGGTTCCCTAACC-1,8,-0.30379286,-0.11663211,-0.18867819,2.40544874783542,True,True,,MET,D8_Dox_C2,1761,7.47420480649612,3789,8.240121,3.5785246,8,MET
,D8_Dox_C1_TACTCGCGTGCCTTGG-1,8,-0.24958144,-0.06421535,-0.11468151,1.58316756350143,True,True,,MET,D8_Dox_C1,1679,7.4265490723973,3697,8.215548,3.5678494,8,MET
,D8_Dox_C2_CGCTTCAGTTATTCTC-1,8,-0.11812193,-0.14443696,-0.09674858,3.55050728329329,True,True,,MET,D8_Dox_C2,2266,7.72621265050753,5171,8.551015,3.7135746,8,MET
,D8_Dox_C1_GCACTCTAGTGTACTC-1,8,-0.15542854,-0.067402005,-0.06941015,0.970506874276113,True,True,,MEF/other,D8_Dox_C1,1430,7.26612877955645,2940,7.986505,3.4683475,8,MEF/other
,D8_Dox_C2_TGGCGCACAGGCTCAC-1,8,-0.22767958,-0.08538642,-0.13295937,2.35022394478179,True,True,,MET,D8_Dox_C2,1586,7.36960072052641,3587,8.18535,3.5547314,8,MET
,D8_Dox_C2_GGGCACTCAGCTGGCT-1,8,-0.24518597,-0.13318008,-0.12567273,0.993033447649139,True,True,,MEF/other,D8_Dox_C2,1216,7.10414409298753,2366,7.7693787,3.3740149,8,MEF/other
,D8_Dox_C1_CTTACCGCAGCTCGCA-1,8,-0.033563744,-0.016600868,-0.047509205,0.326468204964758,True,True,,MEF/other,D8_Dox_C1,1734,7.45876269238096,2971,7.99699,3.4729028,8,MEF/other
,D8_Dox_C2_ATGTGTGTCAGTGCAT-1,8,-0.24087214,-0.1710981,-0.116871774,2.15318094772403,True,True,,MET,D8_Dox_C2,1417,7.25700270709207,2670,7.8902082,3.4265113,8,MET
,D8_Dox_C1_CCTATTACACAGTCGC-1,8,0.04096997,0.08041886,-0.06531548,0.262201383649167,True,True,,MEF/other,D8_Dox_C1,2402,7.78447323573647,5414,8.596929,3.7335184,8,MEF/other
,D8_Dox_C1_CTTTGCGCATGGTCAT-1,8,-0.27381825,-0.16047554,-0.23378508,1.02091764921828,True,True,,MEF/other,D8_Dox_C1,1096,7.00033446027523,1873,7.5358305,3.272538,8,MEF/other
,D8_Dox_C2_GAGCAGAAGTGCTGCC-1,8,-0.14669469,-0.08487072,-0.08888292,0.974456762669415,True,True,,MEF/other,D8_Dox_C2,1679,7.4265490723973,3284,8.097122,3.5164032,8,MEF/other
,D8_Dox_C1_CATCAGATCAGGTTCA-1,8,-0.27187303,-0.18107516,-0.21773343,1.66269372320131,True,True,,MET,D8_Dox_C1,1304,7.17395831975679,2437,7.7989335,3.3868556,8,MET
,D8_Dox_C1_GAGGTGAAGGGTGTTG-1,8,-0.2926126,-0.15350375,-0.2067256,1.31958239586946,True,True,,MET,D8_Dox_C1,1244,7.12689080889881,2299,7.7406645,3.3615391,8,MET
,D8_Dox_C2_GGGTTGCCACCAGTTA-1,8,-0.29018903,-0.21283308,-0.21118416,2.47272155959959,True,True,,MET,D8_Dox_C2,1039,6.94697599213542,1758,7.472501,3.245019,8,MET
,D8_Dox_C2_GCTTCCACATTCACTT-1,8,-0.14017169,-0.06721187,-0.16376713,1.00762504172236,True,True,,MEF/other,D8_Dox_C2,1254,7.13489085156588,2401,7.784057,3.3803923,8,MEF/other
,D8_Dox_C2_GTAACGTTCACCGTAA-1,8,-0.17911837,-0.14333929,-0.1354071,1.30576455432584,True,True,,MET,D8_Dox_C2,1415,7.25559127425367,2479,7.816014,3.3942766,8,MET
,D8_Dox_C2_TCTTTCCTCCGTCATC-1,8,-0.22592548,-0.16943558,-0.19375557,1.5317301793789,True,True,,MET,D8_Dox_C2,1005,6.91373735065968,1609,7.3839893,3.206556,8,MET
,D8_Dox_C2_GTACGTAGTGACTACT-1,8,-0.085521035,-0.07031744,-0.0357169,0.556711341595461,True,True,,MEF/other,D8_Dox_C2,2586,7.85825418218603,7535,8.927446,3.8770835,8,MEF/other
,D8_Dox_C2_CATTATCGTGCATCTA-1,8,-0.24568878,-0.19030215,-0.12425061,3.21026620941718,True,True,,MET,D8_Dox_C2,1628,7.39572160860205,3051,8.023552,3.4844422,8,MET
,D8_Dox_C1_TGCCAAAAGACTGTAA-1,8,-0.1246287,-0.14996088,-0.16637908,1.00161042930481,True,True,,MEF/other,D8_Dox_C1,1162,7.05875815251866,1939,7.570443,3.2875779,8,MEF/other
,D8_Dox_C2_GGAATAATCTTGCCGT-1,8,-0.12415077,-0.07409316,-0.14570083,0.9350011268256,True,True,,MEF/other,D8_Dox_C2,1052,6.95939851213398,1736,7.4599147,3.2395499,8,MEF/other
,D8_Dox_C1_CAGATCAGTGTCCTCT-1,8,-0.08452687,-0.14043131,-0.13445148,1.01243935244182,True,True,,MEF/other,D8_Dox_C1,1576,7.36327958696304,3225,8.078999,3.5085297,8,MEF/other
,D8_Dox_C2_ACACCAACACGGTAAG-1,8,-0.22715552,-0.119320184,-0.067550935,1.65078671442731,True,True,Epithelial,Epithelial,D8_Dox_C2,1851,7.52402141520613,4150,8.331104,3.6180482,8,Epithelial
,D8_Dox_C1_ATCTACTTCTGACCTC-1,8,-0.2652318,-0.1249583,-0.18289755,1.91250217639832,True,True,,MET,D8_Dox_C1,1050,6.95749737087695,1595,7.3752556,3.202761,8,MET
,D8_Dox_C2_CCGTTCAAGAGTCGGT-1,8,-0.17790242,-0.21110854,-0.23828964,1.07738330676739,True,True,,MET,D8_Dox_C2,1006,6.91473089271856,1609,7.3839893,3.206556,8,MET
,D8_Dox_C1_CAGCAGCGTCCGTTAA-1,8,0.013261638,-0.058797464,-0.016780851,0.976370324095598,True,True,,MEF/other,D8_Dox_C1,1739,7.46164039220857,3326,8.109826,3.5219223,8,MEF/other
,D8_Dox_C1_ACACCCTAGCAATCTC-1,8,0.23882656,-0.010404835,-0.06666178,0.316457969436606,True,True,,MEF/other,D8_Dox_C1,2570,7.85205020726589,5417,8.597482,3.733759,8,MEF/other
,D8_Dox_C1_GAGTCCGCATCCTAGA-1,8,0.19392216,0.018511875,0.075325914,0.59530876235505,True,True,,MEF/other,D8_Dox_C1,4208,8.34498036877057,11877,9.382443,4.074707,8,MEF/other
,D8_Dox_C2_GACCTGGGTTACAGAA-1,8,-0.22383212,-0.19102776,-0.18262787,1.14145405617149,True,True,,MET,D8_Dox_C2,1121,7.02286808608264,1931,7.566311,3.2857823,8,MET
,D8_Dox_C2_GCGCAGTAGCTCAACT-1,8,-0.30517936,-0.0653158,-0.08299895,0.984627760843268,True,True,,MEF/other,D8_Dox_C2,1084,6.98933526597456,2087,7.643962,3.3195226,8,MEF/other
,D8_Dox_C1_AACTGGTAGGAGTTTA-1,8,-0.26330093,-0.15109867,-0.18224864,1.28069845330762,True,True,,MET,D8_Dox_C1,1164,7.0604763659998,1924,7.562681,3.2842052,8,MET
,D8_Dox_C1_GCTCCTACATCAGTAC-1,8,-0.29439044,-0.24005137,-0.21622801,1.0116333660896,True,True,,MET,D8_Dox_C1,867,6.76619171466035,1352,7.2100797,3.130977,8,MET
,D8_Dox_C2_AGCGTATAGAAGGTGA-1,8,-0.35267782,-0.20083012,-0.20049053,1.71613566209295,True,True,,MET,D8_Dox_C2,1121,7.02286808608264,1989,7.59589,3.298635,8,MET
,D8_Dox_C2_CGCGTTTCAGGCTCAC-1,8,-0.27425766,-0.17013063,-0.23629676,1.00511419988503,True,True,,MEF/other,D8_Dox_C2,1071,6.97728134163075,1876,7.5374303,3.273233,8,MEF/other
,D8_Dox_C2_GGACATTAGGAATGGA-1,8,-0.16507463,-0.048089392,-0.051183347,0.561087179773663,True,True,Epithelial,Epithelial,D8_Dox_C2,1311,7.17930796950403,2326,7.752335,3.3666098,8,Epithelial
,D8_Dox_C1_GTTACAGCATGACGGA-1,8,-0.09405117,-0.04755638,-0.12670629,3.53145009445855,True,True,,MET,D8_Dox_C1,2260,7.72356247227797,5132,8.543446,3.7102866,8,MET
,D8_Dox_C2_GGCGACTCATTAGGCT-1,8,-0.069557354,-0.11651985,-0.18719631,0.999664892149945,True,True,,MEF/other,D8_Dox_C2,1089,6.99393297522319,1760,7.473637,3.2455127,8,MEF/other
,D8_Dox_C2_CTGATCCCAGAAGCAC-1,8,-0.12071183,-0.098353766,-0.14697276,1.00082829878105,True,True,,MEF/other,D8_Dox_C2,1193,7.08506429395255,2287,7.7354336,3.3592663,8,MEF/other
,D8_Dox_C2_CGGGTCAGTCCGTCAG-1,8,-0.3218529,-0.17540377,-0.18000853,1.00262685632407,True,True,,MEF/other,D8_Dox_C2,848,6.74405918631135,1467,7.291656,3.1664302,8,MEF/other
,D8_Dox_C1_CATGGCGAGACCTTTG-1,8,-0.24169369,-0.067752875,-0.16026174,1.33416391952149,True,True,,MET,D8_Dox_C1,1570,7.35946763825562,3106,8.041413,3.4922016,8,MET
,D8_Dox_C1_CAGGTGCTCAACTCTT-1,8,-0.21136111,-0.1792487,-0.21829835,1.04066319105157,True,True,,MET,D8_Dox_C1,1083,6.98841318199959,1821,7.50769,3.2603102,8,MET
,D8_Dox_C1_TTCGGTCTCGTTGACA-1,8,-0.2697685,-0.11790815,-0.18503647,1.01074549708404,True,True,,MET,D8_Dox_C1,1436,7.27031288607903,2939,7.986165,3.4681997,8,MET
,D8_Dox_C2_CCAGCGAGTTCGCGAC-1,8,-0.08191979,-0.047645055,-0.11870051,3.68630541330012,True,True,,MEF/other,D8_Dox_C2,1523,7.32909373624659,2650,7.8826923,3.423246,8,MEF/other
,D8_Dox_C2_CGTGAGCCATCGACGC-1,8,-0.4387926,-0.20800702,-0.19593251,1.00225980022848,True,True,,MEF/other,D8_Dox_C2,673,6.51323011091231,1638,7.4018416,3.214314,8,MEF/other
,D8_Dox_C1_CATCGGGGTTGTCGCG-1,8,0.0016765723,-0.0953738,-0.11409307,0.982291207673103,True,True,,MET,D8_Dox_C1,2486,7.8188324438034,5451,8.603738,3.7364762,8,MET
,D8_Dox_C1_AGTGGGAGTCCATCCT-1,8,-0.3082751,-0.11850325,-0.23379508,1.29623525775699,True,True,,MET,D8_Dox_C1,1177,7.07157336421153,2082,7.6415644,3.318481,8,MET
,D8_Dox_C2_CAGCCGACATAGGATA-1,8,-0.23798269,-0.16061485,-0.19550602,1.74480149403326,True,True,,MET,D8_Dox_C2,1455,7.28344822875663,2675,7.8920784,3.4273238,8,MET
,D8_Dox_C1_CCACTACGTGTTCTTT-1,8,-0.23667675,-0.076086454,-0.10926979,1.00375448142172,True,True,,MEF/other,D8_Dox_C1,1298,7.1693500166706,2474,7.813996,3.3933997,8,MEF/other
,D8_Dox_C1_GTGGGTCTCGGAAATA-1,8,-0.22958566,-0.13970187,-0.1799779,3.00679955672726,True,True,,MET,D8_Dox_C1,1537,7.33823815006559,2882,7.9665866,3.4596941,8,MET
,D8_Dox_C2_CTCGGAGAGATGCCTT-1,8,-0.031889655,-0.0010816178,-0.02763708,2.22911464275018,True,True,,MET,D8_Dox_C2,3481,8.15536212032813,8574,9.056606,3.9331837,8,MET
,D8_Dox_C2_CCAATCCCATTCCTGC-1,8,-0.10393017,-0.10032202,-0.09608227,0.891893217301108,True,True,,MEF/other,D8_Dox_C2,1198,7.08924315502751,2003,7.6029005,3.301681,8,MEF/other
,D8_Dox_C2_GCATGCGGTCCTCCAT-1,8,-0.29856235,-0.064224094,-0.1951931,1.00066985170677,True,True,,MEF/other,D8_Dox_C2,832,6.72503364216684,1315,7.182352,3.118926,8,MEF/other
,D8_Dox_C2_AGAATAGCAGCCTATA-1,8,-0.003636364,-0.066622704,-0.091644995,0.955930497017548,True,True,,MEF/other,D8_Dox_C2,1070,6.97634807044775,1711,7.4454174,3.2332501,8,MEF/other
,D8_Dox_C2_TCTCTAACAATCCAAC-1,8,-0.3632347,-0.116483964,-0.16754423,1.00293378355949,True,True,,MET,D8_Dox_C2,777,6.65672652417839,1342,7.202661,3.1277528,8,MET
,D8_Dox_C1_CGCTTCACACCAGCAC-1,8,-0.23295888,-0.10710552,-0.19896968,2.39220048793571,True,True,,MET,D8_Dox_C1,1483,7.30249642372733,2637,7.877776,3.4211102,8,MET
,D8_Dox_C1_TCTTCGGCATGCCCGA-1,8,-0.07394337,-0.11970047,-0.081482746,2.55273225234946,True,True,,MET,D8_Dox_C1,2163,7.67971363996637,4487,8.4091625,3.651956,8,MET
,D8_Dox_C2_GTAACGTGTAGCCTCG-1,8,-0.24018192,-0.17623767,-0.2301612,1.00482720698963,True,True,,MET,D8_Dox_C2,1137,7.03702761468628,2111,7.6553907,3.3244884,8,MET
,D8_Dox_C2_TACAGTGGTGAACCTT-1,8,-0.29075393,-0.120806284,-0.14839561,1.00470584052709,True,True,,MEF/other,D8_Dox_C2,1276,7.15226885603254,2519,7.832014,3.4012282,8,MEF/other
,D8_Dox_C1_CCTATTACAGGGAGAG-1,8,-0.29671976,-0.071212865,-0.11465578,1.004837948121,True,True,,MEF/other,D8_Dox_C1,1119,7.02108396428914,2051,7.62657,3.3119657,8,MEF/other
,D8_Dox_C1_GCGAGAAAGTGACTCT-1,8,-0.047170557,-0.038785867,-0.08960425,3.4623082662675,True,True,,MEF/other,D8_Dox_C1,2009,7.60589000105312,4214,8.346405,3.6246946,8,MEF/other
,D8_Dox_C2_TCCCGATAGAATGTTG-1,8,-0.18223026,-0.16500896,-0.22767338,1.00250982182628,True,True,,MET,D8_Dox_C2,1002,6.91075078796194,1646,7.4067106,3.21643,8,MET
,D8_Dox_C1_CAGGTGCTCTCGTTTA-1,8,-0.2460329,-0.1282195,-0.09592569,2.75255713366961,True,True,,MET,D8_Dox_C1,1564,7.35564110297425,3296,8.100768,3.5179873,8,MET
,D8_Dox_C1_TGGACGCAGATCCCAT-1,8,0.078066565,0.017695379,-0.03265735,0.967583099908627,True,True,,MEF/other,D8_Dox_C1,2478,7.81561053203519,5778,8.661986,3.7617776,8,MEF/other
,D8_Dox_C2_TGAAAGATCTGGCGAC-1,8,-0.2123272,-0.15968275,-0.20037204,1.24401894205061,True,True,,MET,D8_Dox_C2,1025,6.93342302573072,1682,7.4283333,3.225826,8,MET
,D8_Dox_C2_GCTGCAGCAATGGAAT-1,8,-0.16891147,-0.18336838,-0.17192604,1.40099494636643,True,True,,MET,D8_Dox_C2,1654,7.41155628781116,3115,8.044306,3.493458,8,MET
,D8_Dox_C2_CTACCCACACAGCCCA-1,8,-0.15353008,-0.092781074,-0.16089314,0.89231052315571,True,True,,MEF/other,D8_Dox_C2,1474,7.29641326877392,2915,7.977968,3.4646387,8,MEF/other
,D8_Dox_C1_GTGCAGCAGGTGACCA-1,8,-0.002705057,-0.047303624,-0.10599789,2.77707852815974,True,True,,MET,D8_Dox_C1,2675,7.89207842124812,5808,8.667164,3.7640266,8,MET
,D8_Dox_C1_AAACCTGCAGCCACCA-1,8,-0.04125123,0.0025145242,-0.08679018,0.661498337350827,True,True,,MEF/other,D8_Dox_C1,1706,7.44249272279444,3029,8.016318,3.4812994,8,MEF/other
,D8_Dox_C1_GTTAAGCTCTTCTGGC-1,8,-0.21429704,-0.04709001,-0.14895776,0.99354028820793,True,True,,MEF/other,D8_Dox_C1,1383,7.23273313617761,2873,7.96346,3.4583356,8,MEF/other
,D8_Dox_C2_ACATACGCATTGGGCC-1,8,-0.18247186,-0.1187624,-0.11185073,1.42095485450036,True,True,,MET,D8_Dox_C2,1689,7.43248380791712,3186,8.066835,3.5032458,8,MET
,D8_Dox_C2_GCTTCCATCAGAGACG-1,8,-0.02357297,-0.0151728615,-0.05547288,2.43795065924691,True,True,,MET,D8_Dox_C2,2705,7.90322680873073,5940,8.689632,3.7737865,8,MET
,D8_Dox_C2_GATGCTATCGTCTGCT-1,8,-0.23808116,-0.16126566,-0.17884034,1.00047687015307,True,True,,MET,D8_Dox_C2,781,6.66185474054531,1140,7.0396605,3.056905,8,MET
,D8_Dox_C1_GTATCTTAGTCCGGTC-1,8,-0.2339263,-0.21301456,-0.1680823,1.21635528215359,True,True,,MET,D8_Dox_C1,826,6.71780469502369,1187,7.0800266,3.074451,8,MET
,D8_Dox_C2_CCGTACTCAGACACTT-1,8,-0.2120295,-0.106919825,-0.124382444,3.89769597365766,True,True,,MET,D8_Dox_C2,1744,7.46450983463653,3542,8.1727295,3.5492487,8,MET
,D8_Dox_C1_ATCACGACAGGCAGTA-1,8,-0.20909657,-0.091893,-0.09976219,3.07674481836823,True,True,,MET,D8_Dox_C1,1967,7.5847730776122,4648,8.444407,3.6672661,8,MET
,D8_Dox_C2_ATCATGGAGTACCGGA-1,8,-0.2629831,-0.119702145,-0.20452996,1.0666496280293,True,True,,MET,D8_Dox_C2,1160,7.05703698169789,2167,7.6815605,3.335859,8,MET
,D8_Dox_C2_TAGGCATCACGACTCG-1,8,-0.21372622,-0.122873716,-0.1711578,3.10226647675269,True,True,,MET,D8_Dox_C2,1286,7.16006920759613,2166,7.681099,3.3356586,8,MET
,D8_Dox_C1_TAAACCGGTCTAGTGT-1,8,-0.13433893,-0.026848698,-0.11543178,1.04696022574139,True,True,,MEF/other,D8_Dox_C1,1345,7.20489251020467,2096,7.648263,3.3213913,8,MEF/other
,D8_Dox_C2_GAAGCAGTCCGTAGGC-1,8,-0.26808694,-0.20908786,-0.2411358,1.37642697594708,True,True,,MET,D8_Dox_C2,1109,7.01211529430638,1908,7.5543346,3.2805786,8,MET
,D8_Dox_C1_CCATGTCCAATGTTGC-1,8,-0.259913,-0.17566398,-0.15109327,2.46944670363519,True,True,,MET,D8_Dox_C1,1680,7.42714413340862,2985,8.00169,3.4749444,8,MET
,D8_Dox_C2_TTGAACGGTACTCTCC-1,8,-0.23188731,-0.13462518,-0.23803227,1.00484620212539,True,True,,MEF/other,D8_Dox_C2,905,6.80903930604298,1508,7.3192024,3.1784015,8,MEF/other
,D8_Dox_C1_AGTTGGTCAGATGGCA-1,8,-0.18359222,-0.117396176,-0.1430913,1.05777963503614,True,True,,MET,D8_Dox_C1,1643,7.40488757561613,3772,8.235626,3.5765717,8,MET
,D8_Dox_C1_CATGACACACAAGCCC-1,8,-0.1772909,-0.10987818,-0.15711968,1.04973832700008,True,True,,MET,D8_Dox_C1,1394,7.24064969425547,2391,7.7798853,3.3785796,8,MET
,D8_Dox_C1_CGGCTAGCAAGCGAGT-1,8,-0.21690986,-0.081370614,-0.1925402,1.01044748930185,True,True,,MET,D8_Dox_C1,1417,7.25700270709207,2659,7.886081,3.4247184,8,MET
,D8_Dox_C2_GTGCATATCCCAGGTG-1,8,-0.16212627,-0.19602168,-0.18976267,1.05377749880809,True,True,,MET,D8_Dox_C2,1182,7.07580886397839,2030,7.6162834,3.307496,8,MET
,D8_Dox_C2_CTAGTGACACAGGAGT-1,8,-0.13424648,-0.09697502,-0.12820663,1.54333509107972,True,True,,MEF/other,D8_Dox_C2,1372,7.22475340576797,2251,7.719574,3.3523755,8,MEF/other
,D8_Dox_C2_AGGTCATTCTGCCCTA-1,8,-0.2642294,-0.167172,-0.19813849,1.04287911480232,True,True,,MET,D8_Dox_C2,918,6.82328612235569,1570,7.3594675,3.1958997,8,MET
,D8_Dox_C1_GCGACCAAGTTGAGAT-1,8,-0.07215545,-0.14070922,-0.13464622,3.70684304818655,True,True,,MET,D8_Dox_C1,2220,7.70571282389443,4681,8.451481,3.6703386,8,MET
,D8_Dox_C1_CATCAAGAGGACTGGT-1,8,-0.22500958,-0.13663821,-0.1331907,2.26750325866752,True,True,,MET,D8_Dox_C1,1337,7.19893124068817,2287,7.7354336,3.3592663,8,MET
,D8_Dox_C1_AGATTGCGTGCTGTAT-1,8,-0.14506172,-0.14936264,-0.18893412,1.16742789163683,True,True,,MEF/other,D8_Dox_C1,1198,7.08924315502751,2029,7.6157913,3.3072822,8,MEF/other
,D8_Dox_C1_CCCTCCTGTCGACTAT-1,8,-0.12510134,-0.06637652,-0.12170361,3.95549226060539,True,True,,MET,D8_Dox_C1,2513,7.82963038915019,5202,8.556991,3.7161703,8,MET
,D8_Dox_C1_GTCGGGTAGGTGCTTT-1,8,-0.01760454,-0.01601275,-0.081787474,0.71392921830083,True,True,,MET,D8_Dox_C1,2360,7.76684053708551,4505,8.413165,3.6536949,8,MET
,D8_Dox_C1_ACTGATGCAAATTGCC-1,8,0.16142641,-0.0013656134,0.008717476,1.77893769264616,True,True,,MET,D8_Dox_C1,3262,8.09040229659332,8020,8.989819,3.9041746,8,MET
,D8_Dox_C2_ACATACGAGGTAAACT-1,8,-0.030855786,-0.056302097,-0.056203313,0.694161190074397,True,True,,MEF/other,D8_Dox_C2,1728,7.45529848568329,3530,8.169336,3.5477748,8,MEF/other
,D8_Dox_C2_TGTATTCCATACCATG-1,8,-0.32164985,-0.18146276,-0.28777578,1.01614479364102,True,True,,MET,D8_Dox_C2,743,6.61204103483309,1185,7.0783415,3.0737185,8,MET
,D8_Dox_C1_TTTGCGCTCTGTGCAA-1,8,-0.20237848,-0.17178972,-0.14193586,1.0270512131192,True,True,,MET,D8_Dox_C1,1261,7.14045304310116,2350,7.762596,3.371068,8,MET
,D8_Dox_C1_GCAGCCACACCAGCAC-1,8,-0.11646978,-0.0219336,-0.084748216,3.53537379847564,True,True,,MET,D8_Dox_C1,2577,7.85476918349913,7278,8.892749,3.8620124,8,MET
,D8_Dox_C1_CATTATCGTTCCATGA-1,8,0.31839287,0.091006726,0.013932689,0.464079338101491,True,True,,MEF/other,D8_Dox_C1,3502,8.16137502319749,8077,8.9969,3.9072504,8,MEF/other
,D8_Dox_C2_CCACCTAGTCGCGGTT-1,8,-0.28192192,-0.15376113,-0.19263986,1.01764094990368,True,True,,MET,D8_Dox_C2,1066,6.97260625130175,1852,7.5245614,3.267641,8,MET
,D8_Dox_C1_GGACAGATCACTATTC-1,8,-0.17177445,-0.07567397,-0.08236739,3.31714655978363,True,True,,MET,D8_Dox_C1,2718,7.90801944463247,7101,8.868132,3.8513198,8,MET
,D8_Dox_C1_CTCACACAGCCAGAAC-1,8,-0.21085659,-0.16228655,-0.11931076,1.11879575267944,True,True,,MET,D8_Dox_C1,1627,7.39510754656249,3300,8.101981,3.518514,8,MET
,D8_Dox_C1_GAACATCTCCAAACAC-1,8,-0.41838893,-0.23612773,-0.2613771,1.02977292218926,True,True,,MET,D8_Dox_C1,680,6.52356230614951,1088,6.9930153,3.0366292,8,MET
,D8_Dox_C1_TGAGGGATCGCACTCT-1,8,-0.18265533,-0.109893814,-0.1697905,1.52048122881125,True,True,,MET,D8_Dox_C1,1729,7.45587668749182,3544,8.173293,3.5494938,8,MET
,D8_Dox_C2_GTTTCTAGTAGCGATG-1,8,-0.20714548,-0.1074491,-0.19265346,0.957464031649432,True,True,,MET,D8_Dox_C2,787,6.66949808985788,1227,7.113142,3.0888448,8,MET
,D8_Dox_C2_ACGGAGATCATTATCC-1,8,-0.23410155,-0.115016446,-0.23843826,1.00785883101509,True,True,,MEF/other,D8_Dox_C2,869,6.76849321164863,1487,7.305188,3.172311,8,MEF/other
,D8_Dox_C1_GCATGTATCACCAGGC-1,8,-0.19381739,-0.113896444,-0.13553649,2.81362735103498,True,True,,MET,D8_Dox_C1,2124,7.66152708135852,4582,8.430109,3.661055,8,MET
,D8_Dox_C2_GACTACAGTTCCGTCT-1,8,-0.18091606,-0.13950829,-0.22502495,1.00308857007454,True,True,,MEF/other,D8_Dox_C2,959,6.86693328446188,1801,7.4966526,3.255514,8,MEF/other
,D8_Dox_C2_AGCTTGACATATACGC-1,8,-0.1711282,-0.15511392,-0.13153273,3.10563257774121,True,True,,MET,D8_Dox_C2,1657,7.41336733569524,2908,7.9755645,3.4635944,8,MET
,D8_Dox_C1_TCTGGAACACGTTGGC-1,8,-0.26254064,-0.14991264,-0.16067556,0.993246745784515,True,True,,MEF/other,D8_Dox_C1,814,6.70318811324086,1292,7.1647205,3.1112628,8,MEF/other
,D8_Dox_C1_CTCGGGAAGGACTGGT-1,8,0.004839954,-0.048464708,0.06332799,0.985818677927182,True,True,,MEF/other,D8_Dox_C1,1782,7.48605261786314,3779,8.237479,3.5773768,8,MEF/other
,D8_Dox_C1_GTCATTTCATCCGGGT-1,8,-0.08092076,-0.12737858,-0.15512921,1.87035636772773,True,True,,MET,D8_Dox_C1,1799,7.49554194388426,3439,8.143227,3.5364323,8,MET
,D8_Dox_C2_TGAGCCGGTAACGCGA-1,8,-0.25943708,-0.08006732,-0.1799569,1.98977988701,True,True,,MET,D8_Dox_C2,1478,7.2991214627108,2886,7.967973,3.4602964,8,MET
,D8_Dox_C1_GACGTGCCAGGCAGTA-1,8,-0.23675153,-0.15167144,-0.13004951,1.01098366212238,True,True,,MET,D8_Dox_C1,1046,6.95368421087054,1758,7.472501,3.245019,8,MET
,D8_Dox_C1_AGTCTTTCAATGGAAT-1,8,-0.25816786,-0.15610516,-0.2184247,1.63154805397968,True,True,,MET,D8_Dox_C1,1257,7.13727843726039,2453,7.8054748,3.3896978,8,MET
,D8_Dox_C2_CGCCAAGAGCGATAGC-1,8,-0.3265885,-0.18454017,-0.11205324,1.00201178821262,True,True,,MEF/other,D8_Dox_C2,931,6.83733281468559,1669,7.420579,3.2224565,8,MEF/other
,D8_Dox_C1_GCTGCTTTCCAAGTAC-1,8,0.11068009,0.035285115,-0.011264956,0.900646875618279,True,True,,MEF/other,D8_Dox_C1,2392,7.78030308790837,4938,8.504918,3.693551,8,MEF/other
,D8_Dox_C1_AGTCTTTGTACCGAGA-1,8,-0.2969724,-0.1427664,-0.17706387,1.61897142022496,True,True,,MET,D8_Dox_C1,1088,6.99301512293296,1792,7.4916453,3.253338,8,MET
,D8_Dox_C1_CATGGCGGTGTGGCTC-1,8,-0.07134548,-0.015906328,-0.024016345,0.773578211826023,True,True,,MEF/other,D8_Dox_C1,1413,7.25417784645652,2785,7.932362,3.4448254,8,MEF/other
,D8_Dox_C1_TGGTTCCTCCTTTACA-1,8,-0.24383368,-0.03500219,-0.15348616,0.999565098935877,True,True,,MEF/other,D8_Dox_C1,1036,6.94408720822953,1587,7.3702307,3.200577,8,MEF/other
,D8_Dox_C1_CCGGGATAGCTGATAA-1,8,-0.09925046,-0.06769787,-0.1355922,0.91919746585907,True,True,,MEF/other,D8_Dox_C1,1593,7.37400185935016,3645,8.2013855,3.5616975,8,MEF/other
,D8_Dox_C2_AAGTCTGTCTAGCACA-1,8,-0.2566463,-0.17371565,-0.20793387,1.19797078818371,True,True,,MET,D8_Dox_C2,1283,7.15773548424991,2051,7.62657,3.3119657,8,MET
,D8_Dox_C1_GAAACTCCACCATGTA-1,8,-0.1224121,-0.073342256,-0.09210504,1.20194625455938,True,True,,MET,D8_Dox_C1,1820,7.50714107972761,3580,8.183397,3.553883,8,MET
,D8_Dox_C1_CATCCACGTGCGGTAA-1,8,-0.24401762,-0.14960118,-0.16277263,1.13842034554553,True,True,,MET,D8_Dox_C1,1068,6.97447891102505,1721,7.4512415,3.235781,8,MET
,D8_Dox_C1_TCAGCAACATTGGGCC-1,8,-0.0738273,-0.08448649,-0.08276643,0.959422010002652,True,True,,MET,D8_Dox_C1,2459,7.80791662892641,5740,8.655389,3.7589118,8,MET
,D8_Dox_C2_GGACAAGAGCCGCCTA-1,8,-0.19978458,-0.14193696,-0.21082754,1.01652667536786,True,True,,MET,D8_Dox_C2,1122,7.02375895473844,2038,7.620215,3.3092043,8,MET
,D8_Dox_C2_AGAGTGGGTCGCATAT-1,8,-0.2509188,-0.13562185,-0.10132186,1.01297993672207,True,True,,MEF/other,D8_Dox_C2,1003,6.91174730025167,1817,7.505492,3.259355,8,MEF/other
,D8_Dox_C2_GAAATGAGTCACTTCC-1,8,-0.2519099,-0.17726134,-0.18440998,1.39052070843183,True,True,,MET,D8_Dox_C2,1471,7.29437729928882,2828,7.9476786,3.4514794,8,MET
,D8_Dox_C2_TTTGGTTGTGACGGTA-1,8,-0.09503548,-0.078175575,-0.15844418,0.985330210475958,True,True,,MEF/other,D8_Dox_C2,1502,7.31521838975297,2781,7.9309254,3.4442012,8,MEF/other
,D8_Dox_C2_AACTGGTTCCATTCTA-1,8,-0.24147698,-0.16734417,-0.16010377,1.73966834803252,True,True,Epithelial,Epithelial,D8_Dox_C2,1680,7.42714413340862,3596,8.187856,3.5558197,8,Epithelial
,D8_Dox_C1_CACCACTCAGGGTATG-1,8,-0.13832293,-0.059841592,-0.12933552,0.979317702864935,True,True,,MEF/other,D8_Dox_C1,1365,7.21964204013074,2357,7.765569,3.3723598,8,MEF/other
,D8_Dox_C2_TAAGTGCTCGACCAGC-1,8,-0.13457513,-0.13399178,-0.10476045,3.16462131599745,True,True,,MET,D8_Dox_C2,2873,7.96346006663897,6919,8.842171,3.8400435,8,MET
,D8_Dox_C1_AACGTTGCAATGAAAC-1,8,-0.22044276,-0.123686016,-0.1248406,1.0651431844,True,True,,MET,D8_Dox_C1,1416,7.25629723969068,2500,7.8244457,3.3979402,8,MET
,D8_Dox_C1_CCTACACGTGTCCTCT-1,8,0.18122247,-0.016077057,-0.027705533,1.86050854948395,True,True,,MEF/other,D8_Dox_C1,2758,7.92262357421729,5795,8.664924,3.7630534,8,MEF/other
,D8_Dox_C2_TCTTCGGGTCTAGCCG-1,8,-0.32295334,-0.14883175,-0.17084382,3.30576910222768,True,True,,MET,D8_Dox_C2,1100,7.00397413672268,1760,7.473637,3.2455127,8,MET
,D8_Dox_C1_AACTCAGTCTTCGAGA-1,8,-0.11294384,-0.14107944,-0.09668933,1.00668090868627,True,True,,MEF/other,D8_Dox_C1,1281,7.15617663748062,2408,7.786967,3.3816566,8,MEF/other
,D8_Dox_C2_GTACTCCTCCAAAGTC-1,8,-0.331295,-0.13191622,-0.21047632,1.00988946101505,True,True,,MEF/other,D8_Dox_C2,798,6.68336094576627,1380,7.230563,3.1398792,8,MEF/other
,D8_Dox_C2_CCAGCGAGTCAAACTC-1,8,-0.28850022,-0.1543889,-0.1572822,1.00495140015142,True,True,,MET,D8_Dox_C2,1015,6.92362862813843,1862,7.5299435,3.2699797,8,MET
,D8_Dox_C2_GCACATAGTACCTACA-1,8,-0.27022907,-0.195947,-0.14195126,1.29216309906764,True,True,,MET,D8_Dox_C2,1108,7.01121398735037,1859,7.5283318,3.2692795,8,MET
,D8_Dox_C1_ATCTACTAGTTAGCGG-1,8,-0.25375006,-0.17317954,-0.1925084,1.00772705995268,True,True,,MET,D8_Dox_C1,863,6.76157276880406,1401,7.245655,3.1464384,8,MET
,D8_Dox_C1_AGCTCTCAGGAGTTGC-1,8,-0.1791107,-0.1103251,-0.1651421,1.00058199742862,True,True,,MEF/other,D8_Dox_C1,1315,7.18235211188526,2434,7.797702,3.3863206,8,MEF/other
,D8_Dox_C1_CACCACTCACTTACGA-1,8,-0.12639453,-0.09802162,-0.11152613,1.00950683381746,True,True,,MET,D8_Dox_C1,1981,7.59186171488993,4078,8.313607,3.6104472,8,MET
,D8_Dox_C1_CACTCCAAGGAGTAGA-1,8,-0.22015528,-0.045095015,-0.09479709,1.89503203860874,True,True,,MEF/other,D8_Dox_C1,1364,7.21890970761906,2535,7.838343,3.403978,8,MEF/other
,D8_Dox_C1_ACGATGTGTGGAAAGA-1,8,-0.21759202,-0.120360486,-0.10340985,0.998798435253467,True,True,,MEF/other,D8_Dox_C1,1585,7.36897040219479,3786,8.239329,3.5781806,8,MEF/other
,D8_Dox_C1_AGTGAGGTCTCGTTTA-1,8,-0.08376134,-0.09152002,-0.18030158,1.0000689668472,True,True,,MEF/other,D8_Dox_C1,1312,7.1800698743028,2289,7.736307,3.3596458,8,MEF/other
,D8_Dox_C1_ACGAGCCGTTATGCGT-1,8,0.1118735,0.04240005,-0.014700963,0.678882983148876,True,True,,MEF/other,D8_Dox_C1,4606,8.43533216493592,14510,9.582663,4.161668,8,MEF/other
,D8_Dox_C2_TACTTGTGTCGCGTGT-1,8,-0.25753292,-0.1686247,-0.19729337,1.18352760624388,True,True,,MET,D8_Dox_C2,1224,7.11069612297883,2068,7.6348205,3.3155506,8,MET
,D8_Dox_C1_GGAGCAATCCAAACAC-1,8,-0.23071666,-0.03719076,-0.151491,1.00493335069869,True,True,,MEF/other,D8_Dox_C1,1021,6.92951677076365,1815,7.5043917,3.2588768,8,MEF/other
,D8_Dox_C2_TTTATGCTCAATAAGG-1,8,-0.37412027,-0.16977416,-0.25777367,1.00354161022502,True,True,,MET,D8_Dox_C2,697,6.54821910276237,1109,7.0121155,3.0449317,8,MET
,D8_Dox_C2_GATTCAGTCTGTCCGT-1,8,-0.1768345,-0.15490685,-0.15692951,1.52247141875557,True,True,,MET,D8_Dox_C2,1626,7.39449310721904,3181,8.065266,3.5025637,8,MET
,D8_Dox_C2_CAAGATCTCGACAGCC-1,8,-0.13788341,-0.20202541,-0.17818148,1.00059483290308,True,True,,MEF/other,D8_Dox_C2,1020,6.92853781816467,1697,7.4372063,3.229682,8,MEF/other
,D8_Dox_C2_CACAGGCGTTCGGCAC-1,8,-0.30224445,-0.13864651,-0.1589357,1.00428297917026,True,True,,MET,D8_Dox_C2,1143,7.04228617193974,2177,7.6861625,3.3378584,8,MET
,D8_Dox_C1_CTTGGCTGTCCCTACT-1,8,0.34995747,0.06729322,0.0671279,0.625783497819142,True,True,,MEF/other,D8_Dox_C1,2664,7.88795933659995,5660,8.6413555,3.7528164,8,MEF/other
,D8_Dox_C1_ATCCACCAGCTAAGAT-1,8,-0.2727545,-0.18335736,-0.15881006,1.09517625485365,True,True,,MET,D8_Dox_C1,942,6.84906628263346,1585,7.3689704,3.2000294,8,MET
,D8_Dox_C2_CGGTTAACACCCAGTG-1,8,-0.2215143,-0.060964964,-0.091064,0.941626883240744,True,True,,MEF/other,D8_Dox_C2,1516,7.32448997934853,3261,8.0900955,3.513351,8,MEF/other
,D8_Dox_C2_GAATGAACAAGCGCTC-1,8,-0.2590648,-0.10975391,-0.08377577,0.990197931442801,True,True,,MET,D8_Dox_C2,1175,7.06987412845857,2219,7.7052627,3.3461573,8,MET
,D8_Dox_C2_GGATTACTCTAAGCCA-1,8,-0.18593165,-0.10863641,-0.13850336,1.39431250114235,True,True,,MET,D8_Dox_C2,1771,7.47986413116503,3481,8.155362,3.5417042,8,MET
,D8_Dox_C2_GTACTTTAGGTCATCT-1,8,-0.2913752,-0.22568956,-0.20350389,1.00845617124461,True,True,Epithelial,Epithelial,D8_Dox_C2,833,6.72623340235875,1481,7.301148,3.1705554,8,Epithelial
,D8_Dox_C2_CGGGTCACACATAACC-1,8,-0.16815078,-0.12910795,-0.16191447,1.51642164047831,True,True,,MEF/other,D8_Dox_C2,1289,7.16239749735572,2262,7.724447,3.3544927,8,MEF/other
,D8_Dox_C2_CAGCATAGTAAATGAC-1,8,-0.1872282,-0.11168718,-0.11533864,1.67546808600936,True,True,,MET,D8_Dox_C2,1987,7.59488438721652,4255,8.356085,3.6288996,8,MET
,D8_Dox_C1_TCGTACCTCTCGATGA-1,8,-0.26733354,-0.15814298,-0.10924741,2.4149380059231,True,True,,MET,D8_Dox_C1,1533,7.3356339819272,2714,7.906547,3.43361,8,MET
,D8_Dox_C1_GACGTTAGTCCGTCAG-1,8,-0.254213,-0.1358567,-0.14302702,1.00630802400355,True,True,,MEF/other,D8_Dox_C1,1361,7.21670948670946,2785,7.932362,3.4448254,8,MEF/other
,D8_Dox_C2_CCTTACGTCACAATGC-1,8,-0.21332005,-0.140701,-0.22980535,1.13090745142,True,True,,MET,D8_Dox_C2,1196,7.08757370555797,2072,7.636752,3.3163898,8,MET
,D8_Dox_C2_TGACTAGTCGATGAGG-1,8,-0.26423112,-0.18765654,-0.20429616,1.96111370995592,True,True,,MET,D8_Dox_C2,1162,7.05875815251866,1817,7.505492,3.259355,8,MET
,D8_Dox_C1_CAGATCAGTATTAGCC-1,8,0.09276254,-0.0029458206,-0.05286876,1.28409014122826,True,True,,MEF/other,D8_Dox_C1,1943,7.57250298502038,3924,8.275122,3.593729,8,MEF/other
,D8_Dox_C2_GATCTAGGTGTGGTTT-1,8,-0.2719498,-0.13969453,-0.23010677,1.0054040275221,True,True,,MEF/other,D8_Dox_C2,778,6.65801104587075,1258,7.138073,3.099681,8,MEF/other
,D8_Dox_C1_TTTACTGAGTTCGATC-1,8,-0.08346119,-0.12648362,-0.22687559,1.04618872934804,True,True,,MEF/other,D8_Dox_C1,1262,7.14124512235049,2033,7.6177597,3.3081374,8,MEF/other
,D8_Dox_C1_CCATGTCAGTGGTCCC-1,8,-0.11955919,-0.1625848,-0.16161662,2.15495731279331,True,True,,MET,D8_Dox_C1,1697,7.43720636687129,3227,8.079618,3.508799,8,MET
,D8_Dox_C2_TGCCCTAAGCTAGTTC-1,8,-0.22670013,-0.20912006,-0.22423515,1.04089285325401,True,True,,MET,D8_Dox_C2,866,6.76503897678054,1382,7.2320104,3.1405082,8,MET
,D8_Dox_C1_TAGTTGGCATGCTAGT-1,8,-0.26733083,0.04507571,-0.06396226,0.807235153728672,True,True,,MET,D8_Dox_C1,1847,7.52185925220163,4022,8.299783,3.6044421,8,MET
,D8_Dox_C2_TACTTACAGTTGAGAT-1,8,-0.26321453,-0.097600155,-0.23986967,1.00432331661296,True,True,,MEF/other,D8_Dox_C2,828,6.7202201551353,1321,7.186901,3.120903,8,MEF/other
,D8_Dox_C1_TACGGTATCTTGCATT-1,8,-0.18766488,-0.09695737,-0.15120585,0.999842874455321,True,True,,MET,D8_Dox_C1,1609,7.38398945797851,3459,8.149024,3.5389507,8,MET
,D8_Dox_C2_CGCTTCATCAGATAAG-1,8,-0.1424837,-0.12322621,-0.0885004,1.00437781630074,True,True,,MET,D8_Dox_C2,1487,7.30518821539304,2517,7.83122,3.4008834,8,MET
,D8_Dox_C2_TTCTCCTTCCTTGGTC-1,8,-0.27684727,-0.17105733,-0.11184799,2.19723830400186,True,True,,MET,D8_Dox_C2,1580,7.36581283720947,3391,8.129175,3.5303278,8,MET
,D8_Dox_C2_TGATTTCCACACTGCG-1,8,-0.1396864,-0.13027674,-0.11349927,0.968085066857506,True,True,,MET,D8_Dox_C2,1366,7.22037383672395,2327,7.7527647,3.3667965,8,MET
,D8_Dox_C1_TTTGCGCAGCTGTCTA-1,8,-0.12245548,-0.070120916,-0.089526385,1.37979369710483,True,True,,MET,D8_Dox_C1,1801,7.49665243816828,3947,8.280965,3.5962672,8,MET
,D8_Dox_C1_AGCTCCTAGCTAGTCT-1,8,-0.29820508,-0.12544858,-0.13075627,1.60551384225511,True,True,,MET,D8_Dox_C1,1625,7.39387829010776,3546,8.173858,3.549739,8,MET
,D8_Dox_C1_TTGACTTGTATATCCG-1,8,-0.20197241,-0.13370037,-0.19520548,1.00396091550046,True,True,,MET,D8_Dox_C1,1358,7.21450441415114,2415,7.7898684,3.3829172,8,MET
,D8_Dox_C2_CACTCCAGTAGGAGTC-1,8,-0.232724,-0.07685074,-0.14143077,1.21596551959092,True,True,,MET,D8_Dox_C2,1478,7.2991214627108,2767,7.9258804,3.4420092,8,MET
,D8_Dox_C1_GAACATCGTCATGCCG-1,8,-0.26539084,-0.09825256,-0.17467391,1.00943670312679,True,True,,MET,D8_Dox_C1,1151,7.04925484125584,2102,7.65112,3.3226328,8,MET
,D8_Dox_C1_TTCTACATCTGTCTCG-1,8,-0.12044247,-0.074196555,-0.17350318,2.6960200513135,True,True,,MEF/other,D8_Dox_C1,1337,7.19893124068817,2204,7.698483,3.3432117,8,MEF/other
,D8_Dox_C1_GCATGCGCACGTCAGC-1,8,-0.11687266,-0.057027068,-0.16072163,0.958036496563512,True,True,,MEF/other,D8_Dox_C1,1757,7.47193207824512,3454,8.147577,3.5383224,8,MEF/other
,D8_Dox_C2_ATGAGGGAGTCCAGGA-1,8,-0.29164305,-0.18099317,-0.19382465,1.07337961783286,True,True,,MEF/other,D8_Dox_C2,1161,7.05789793741186,2277,7.7310534,3.3573632,8,MEF/other
,D8_Dox_C2_GTGGGTCGTAGCGTCC-1,8,-0.22834322,-0.10594275,-0.100182004,2.52693420212252,True,True,,MET,D8_Dox_C2,2183,7.6889133368648,4911,8.499436,3.69117,8,MET
,D8_Dox_C1_TGGGCGTAGATAGGAG-1,8,-0.25974345,-0.12982084,-0.20086394,1.16200270229925,True,True,,MEF/other,D8_Dox_C1,1153,7.05098944706804,2228,7.709308,3.3479154,8,MEF/other
,D8_Dox_C1_ACTGCTCGTACAGTGG-1,8,-0.28654802,-0.13027662,-0.25937006,1.00220593600295,True,True,,MEF/other,D8_Dox_C1,763,6.63856778916652,1189,7.0817084,3.075182,8,MEF/other
,D8_Dox_C2_TACTCATTCGACAGCC-1,8,-0.17523439,-0.1441547,-0.17162222,1.97892257803407,True,True,,MET,D8_Dox_C2,1513,7.32251043399739,3141,8.052615,3.497068,8,MET
,D8_Dox_C1_ACTGAACTCTCTAGGA-1,8,-0.10363724,-0.14805052,-0.15688062,1.00652329397003,True,True,,MET,D8_Dox_C1,2090,7.64539769942863,4754,8.466952,3.6770592,8,MET
,D8_Dox_C2_TTTACTGCAGCTGGCT-1,8,-0.17354454,-0.14639214,-0.18401937,1.96856636519184,True,True,,MET,D8_Dox_C2,1234,7.11882624906208,2108,7.6539693,3.3238707,8,MET
,D8_Dox_C1_ACCAGTATCTTACCGC-1,8,-0.2907661,-0.12747256,-0.16148187,1.05558396853742,True,True,,MET,D8_Dox_C1,1394,7.24064969425547,2534,7.837949,3.4038067,8,MET
,D8_Dox_C1_TCAGATGAGTTAGCGG-1,8,-0.2470657,-0.1843226,-0.19780381,0.997817279932114,True,True,,MEF/other,D8_Dox_C1,1406,7.24921505711439,2944,7.987864,3.4689379,8,MEF/other
,D8_Dox_C1_AGAGCGACATGCGCAC-1,8,-0.2178319,-0.08849009,-0.17734268,1.04271166769303,True,True,,MEF/other,D8_Dox_C1,1522,7.32843735289516,3138,8.05166,3.496653,8,MEF/other
,D8_Dox_C1_CGATGGCCAGCGTCCA-1,8,-0.07236303,-0.12147753,-0.058912273,3.23951768434591,True,True,,MET,D8_Dox_C1,2292,7.7376162828579,4567,8.42683,3.659631,8,MET
,D8_Dox_C2_GCTGCTTCACAACTGT-1,8,-0.35679075,-0.23046833,-0.26142937,1.08765386268412,True,True,,MET,D8_Dox_C2,569,6.3456363608286,1021,6.929517,3.009026,8,MET
,D8_Dox_C2_ATTGGACAGAATTGTG-1,8,-0.103467934,-0.11551462,-0.20648894,1.5312438686702,True,True,,MET,D8_Dox_C2,1347,7.20637729147225,2204,7.698483,3.3432117,8,MET
,D8_Dox_C2_CTAACTTTCTCGTATT-1,8,-0.2744385,-0.17773606,-0.19345877,1.01556441837703,True,True,,MET,D8_Dox_C2,1259,7.13886699994552,2268,7.7270947,3.3556433,8,MET
,D8_Dox_C1_CCCAATCGTAAGTAGT-1,8,-0.18232647,-0.028025696,-0.04270715,0.83682316433825,True,True,,MEF/other,D8_Dox_C1,2132,7.66528471847135,4956,8.508556,3.6951313,8,MEF/other
,D8_Dox_C1_TGTATTCTCAACGAAA-1,8,-0.3568741,-0.20440245,-0.2560366,1.00333349966105,True,True,,MET,D8_Dox_C1,671,6.51025834052315,1030,6.9382844,3.0128374,8,MET
,D8_Dox_C2_TCAGATGCACGAAACG-1,8,-0.045070358,-0.09815664,-0.042343233,0.991782475806147,True,True,,MEF/other,D8_Dox_C2,1725,7.45356187164337,3360,8.119994,3.5263393,8,MEF/other
,D8_Dox_C2_CAGTCCTCACGAGGTA-1,8,-0.22364354,-0.11582036,-0.07026987,1.54181631220216,True,True,,MET,D8_Dox_C2,1575,7.36264527041782,3327,8.1101265,3.5220528,8,MET
,D8_Dox_C2_GAAGCAGAGTGGGTTG-1,8,-0.33236057,-0.18330705,-0.22410208,1.75698113341132,True,True,Epithelial,Epithelial,D8_Dox_C2,1302,7.17242457712485,2364,7.768533,3.3736477,8,Epithelial
,D8_Dox_C1_AGCAGCCCACGACTCG-1,8,-0.11982825,-0.06565572,-0.1739663,1.0044283713098,True,True,,MEF/other,D8_Dox_C1,1223,7.10987946307227,2231,7.7106533,3.3484998,8,MEF/other
,D8_Dox_C2_CTCGTCAAGTTAGCGG-1,8,-0.04398707,-0.034507282,-0.07135531,1.10788019553989,True,True,,MEF/other,D8_Dox_C2,2295,7.73892375743946,4664,8.447844,3.6687586,8,MEF/other
,D8_Dox_C1_GACAGAGCACGCCAGT-1,8,-0.1594785,-0.0696783,-0.1424248,1.00450043284732,True,True,,MEF/other,D8_Dox_C1,1470,7.29369772060144,2772,7.9276853,3.4427934,8,MEF/other
,D8_Dox_C2_TCAGGTAGTTCCACTC-1,8,-0.24814971,-0.057670817,-0.19557577,2.41830063567948,True,True,,MET,D8_Dox_C2,1562,7.35436233042148,3042,8.020599,3.4831593,8,MET
,D8_Dox_C2_TAAACCGTCAGAGCTT-1,8,-0.007066573,-0.06780091,-0.027551593,0.777553817264696,True,True,,MEF/other,D8_Dox_C2,2576,7.85438121065237,5432,8.600246,3.7349598,8,MEF/other
,D8_Dox_C2_TCTATTGAGCCAGAAC-1,8,-0.24483001,-0.12318427,-0.14782755,1.67058465559547,True,True,,MET,D8_Dox_C2,1437,7.27100853828099,2551,7.8446326,3.4067106,8,MET
,D8_Dox_C1_CCACCTATCTGATACG-1,8,-0.23000345,-0.07075606,-0.1181062,1.0703633504296,True,True,Epithelial,Epithelial,D8_Dox_C1,1545,7.34342622914737,2942,7.9871845,3.4686427,8,Epithelial
,D8_Dox_C1_TGACAACTCCAAAGTC-1,8,-0.015940081,0.012508434,-0.09355418,1.00615190143686,True,True,,MEF/other,D8_Dox_C1,1868,7.53315880745556,3813,8.246434,3.5812669,8,MEF/other
,D8_Dox_C1_CCTAAAGGTCAACTGT-1,8,-0.27323154,-0.13914102,-0.10295735,0.956275663173644,True,True,,MET,D8_Dox_C1,1244,7.12689080889881,2435,7.798113,3.3864992,8,MET
,D8_Dox_C1_GATCAGTCAGCCTTGG-1,8,0.0041638846,-0.039896533,0.029127164,2.06491843128127,True,True,,MET,D8_Dox_C1,2635,7.8770178956224,5321,8.579604,3.7259934,8,MET
,D8_Dox_C1_GGACAGACAGCTATTG-1,8,-0.099856526,-0.06726299,-0.13782088,0.99587961674532,True,True,,MEF/other,D8_Dox_C1,1226,7.11232744471091,2014,7.6083746,3.3040595,8,MEF/other
,D8_Dox_C1_CCGTACTGTCCTGCTT-1,8,-0.21693543,-0.1287813,-0.16727456,3.56445132527861,True,True,,MET,D8_Dox_C1,2069,7.63530388625942,4993,8.515992,3.6983616,8,MET
,D8_Dox_C1_TACTTGTGTTTGGCGC-1,8,-0.21918415,-0.07844123,-0.17844954,1.00062385035786,True,True,,MEF/other,D8_Dox_C1,1334,7.19668657083435,2492,7.8212423,3.3965483,8,MEF/other
,D8_Dox_C2_AGGGATGCATGTAGTC-1,8,-0.12911353,-0.13685487,-0.12006609,1.01139304099519,True,True,,MEF/other,D8_Dox_C2,1055,6.96224346426621,1775,7.482119,3.2491984,8,MEF/other
,D8_Dox_C1_GACCTGGCAGCGTCCA-1,8,0.06697434,-0.060918674,0.015792891,0.32354668215295,True,True,,MEF/other,D8_Dox_C1,2342,7.7591874385078,4636,8.441823,3.6661434,8,MEF/other
,D8_Dox_C1_TTGTAGGCATGGAATA-1,8,-0.12402727,-0.12953869,-0.16599837,1.07185087745071,True,True,,MET,D8_Dox_C1,1371,7.22402480828583,2610,7.8674884,3.4166405,8,MET
,D8_Dox_C2_GCGACCAGTACACCGC-1,8,-0.32141903,-0.13731667,-0.20719515,1.10209364798194,True,True,,MET,D8_Dox_C2,1280,7.15539630189673,2398,7.7828074,3.3798492,8,MET
,D8_Dox_C1_TGCGTGGCAAACGTGG-1,8,-0.27809107,-0.18443093,-0.23597291,2.15994341850233,True,True,,MET,D8_Dox_C1,1544,7.34277918933185,2933,7.984122,3.467312,8,MET
,D8_Dox_C1_TGTGGTAAGGACAGAA-1,8,0.40606847,0.06875732,0.06755276,0.566418269691882,True,True,,MEF/other,D8_Dox_C1,2790,7.93415523353632,6081,8.713089,3.7839751,8,MEF/other
,D8_Dox_C1_CTGCGGATCTGCGTAA-1,8,-0.18902895,-0.05551191,-0.11896438,1.79216186352598,True,True,,MET,D8_Dox_C1,1973,7.58781721999343,4778,8.471987,3.6792462,8,MET
,D8_Dox_C1_TGAGGGATCCTGCTTG-1,8,-0.24010256,-0.13863324,-0.1419204,1.07237267652596,True,True,,MET,D8_Dox_C1,1518,7.32580750259577,3278,8.095294,3.515609,8,MET
,D8_Dox_C1_TCTCATATCTGCCAGG-1,8,-0.255453,-0.16265774,-0.17204873,1.45460089904123,True,True,,MET,D8_Dox_C1,1234,7.11882624906208,2040,7.6211953,3.3096304,8,MET
,D8_Dox_C2_GGGCACTCAGATGAGC-1,8,-0.18619406,-0.14573781,-0.11421581,3.12983152962502,True,True,,MET,D8_Dox_C2,2358,7.76599307940768,5710,8.650149,3.7566361,8,MET
,D8_Dox_C2_ATTATCCAGAAACGAG-1,8,-0.350113,-0.21265654,-0.17964439,1.18460057838708,True,True,Epithelial,Epithelial,D8_Dox_C2,1220,7.1074254741107,2007,7.6048946,3.3025475,8,Epithelial
,D8_Dox_C2_GGTGCGTAGCGATATA-1,8,-0.20075153,-0.15523843,-0.17975506,2.67822803743689,True,True,,MET,D8_Dox_C2,1778,7.48380668766584,3488,8.157371,3.5425766,8,MET
,D8_Dox_C1_GCCTCTATCTCCAGGG-1,8,-0.21284477,-0.054674316,-0.13070908,0.842993946233869,True,True,,MEF/other,D8_Dox_C1,1682,7.42833319419081,3800,8.243019,3.5797837,8,MEF/other
,D8_Dox_C1_TACGGGCCAGCGATCC-1,8,-0.3219584,-0.2056491,-0.19099256,1.20543497245724,True,True,,MET,D8_Dox_C1,933,6.83947643822884,1362,7.2174435,3.1341772,8,MET
,D8_Dox_C1_CAGCTGGAGGCTCAGA-1,8,-0.21993786,-0.07120723,-0.1529473,1.0030185605571,True,True,,MEF/other,D8_Dox_C1,1402,7.24636808010246,2856,7.9575276,3.4557583,8,MEF/other
,D8_Dox_C2_GCATGATTCTCAAACG-1,8,-0.24043505,-0.15979286,-0.19662462,1.84101876732882,True,True,,MET,D8_Dox_C2,1204,7.09423484592476,1979,7.5908523,3.2964458,8,MET
,D8_Dox_C2_GTGGGTCAGATAGTCA-1,8,-0.32914984,-0.14414845,-0.11071658,1.00212856450763,True,True,,MET,D8_Dox_C2,1349,7.20785987143247,3019,8.013012,3.4798632,8,MET
,D8_Dox_C2_GTGTGCGTCACCTCGT-1,8,-0.08975368,-0.14163509,-0.11054038,1.00211927638713,True,True,,MET,D8_Dox_C2,1050,6.95749737087695,1641,7.4036703,3.2151086,8,MET
,D8_Dox_C1_GCTTCCAAGGCAGTCA-1,8,-0.0787207,-0.09624923,-0.057499204,2.7284135770801,True,True,,MET,D8_Dox_C1,2054,7.62803112693034,4200,8.343078,3.6232493,8,MET
,D8_Dox_C2_AAGTCTGTCTTGTATC-1,8,-0.21917646,-0.12352816,-0.205567,1.92452202145394,True,True,,MET,D8_Dox_C2,1805,7.49886973397693,4013,8.297544,3.6034691,8,MET
,D8_Dox_C2_TCCCGATCAGTAAGAT-1,8,-0.2953538,-0.18372296,-0.2148091,1.00182588777554,True,True,,MEF/other,D8_Dox_C2,818,6.70808408385307,1352,7.2100797,3.130977,8,MEF/other
,D8_Dox_C2_CAGCTAAAGACACTAA-1,8,-0.12352873,-0.13378054,-0.16962855,1.00701837992163,True,True,,MEF/other,D8_Dox_C2,999,6.90775527898214,1546,7.344073,3.1892097,8,MEF/other
,D8_Dox_C1_ACTATCTAGTGTACTC-1,8,-0.18122606,-0.10380774,-0.12636155,2.88809887884055,True,True,,MET,D8_Dox_C1,1749,7.46737106691756,3722,8.222285,3.5707765,8,MET
,D8_Dox_C2_TTAGGCACAAAGCAAT-1,8,-0.28728205,-0.18682393,-0.24869317,1.51663425727315,True,True,,MET,D8_Dox_C2,1154,7.05185562295589,2083,7.6420445,3.3186893,8,MET
,D8_Dox_C1_CGAGCACCAACTGGCC-1,8,-0.08482105,-0.036400616,-0.043135934,0.927248447770617,True,True,,MEF/other,D8_Dox_C1,1834,7.51479976048867,4062,8.309677,3.6087399,8,MEF/other
,D8_Dox_C2_TTAGGACTCACGAAGG-1,8,-0.26813304,-0.13706136,-0.15644394,1.89047898653676,True,True,,MET,D8_Dox_C2,1294,7.16626597413364,2226,7.7084107,3.3475254,8,MET
,D8_Dox_C2_GGACAAGGTCGCGGTT-1,8,-0.2484403,-0.14502114,-0.13467789,2.62516939362788,True,True,,MET,D8_Dox_C2,1513,7.32251043399739,2944,7.987864,3.4689379,8,MET
,D8_Dox_C2_CTCATTACAGTTAACC-1,8,-0.090160206,-0.062496338,-0.09542263,1.0089256722099,True,True,,MEF/other,D8_Dox_C2,1697,7.43720636687129,3471,8.152486,3.5404546,8,MEF/other
,D8_Dox_C1_TAGTTGGTCACCAGGC-1,8,-0.26601005,-0.15358338,-0.16354229,1.33365242839324,True,True,,MET,D8_Dox_C1,1406,7.24921505711439,2571,7.852439,3.4101021,8,MET
,D8_Dox_C2_CCAATCCAGTCAAGCG-1,8,-0.29281408,-0.17485893,-0.2252901,1.00305267617065,True,True,,MEF/other,D8_Dox_C2,669,6.50727771238501,1007,6.9157233,3.0030296,8,MEF/other
,D8_Dox_C2_ACGGGTCCAGCTATTG-1,8,-0.10446635,-0.07705864,-0.097360976,1.02091397098538,True,True,,MET,D8_Dox_C2,1906,7.55328660560042,3872,8.261785,3.5879354,8,MET
,D8_Dox_C2_TGCACCTAGCTAGTTC-1,8,-0.20956378,-0.036317237,-0.13610853,0.956546266904143,True,True,,MEF/other,D8_Dox_C2,1657,7.41336733569524,3536,8.171034,3.5485122,8,MEF/other
,D8_Dox_C1_AAATGCCGTCCGTTAA-1,8,-0.24163434,-0.050832443,-0.12886599,4.01870228053738,True,True,,MET,D8_Dox_C1,1967,7.5847730776122,3768,8.234565,3.5761108,8,MET
,D8_Dox_C1_AGGGATGAGTCAAGGC-1,8,-0.24165252,-0.13612308,-0.16603999,1.04517065351922,True,True,,MET,D8_Dox_C1,1334,7.19668657083435,2682,7.894691,3.428459,8,MET
,D8_Dox_C1_CGATGGCAGCTAAGAT-1,8,-0.24033068,-0.1002812,-0.13227554,1.48239658129702,True,True,,MEF/other,D8_Dox_C1,2011,7.60688453121963,4209,8.345218,3.624179,8,MEF/other
,D8_Dox_C1_TTTGTCAAGGCTAGGT-1,8,-0.1734447,-0.17580599,-0.17636457,1.34048335566777,True,True,,MET,D8_Dox_C1,1590,7.37211802833779,3092,8.036897,3.4902396,8,MET
,D8_Dox_C2_ACTTGTTTCTGTTGAG-1,8,-0.22859496,-0.19747177,-0.124462746,1.15354339866398,True,True,,MEF/other,D8_Dox_C2,1220,7.1074254741107,2379,7.7748556,3.3763945,8,MEF/other
,D8_Dox_C2_CCACTACCACGGCTAC-1,8,-0.2033085,-0.1556497,-0.18681903,3.94919919163802,True,True,,MET,D8_Dox_C2,1510,7.32052696227274,2661,7.886833,3.425045,8,MET
,D8_Dox_C1_CTCTACGTCTACCTGC-1,8,-0.21774597,-0.23342337,-0.24038751,1.10522798130241,True,True,,MET,D8_Dox_C1,879,6.77992190747225,1302,7.172425,3.1146111,8,MET
,D8_Dox_C1_CCATGTCGTAGGACAC-1,8,-0.22181937,-0.10064411,-0.14811297,3.35374485990593,True,True,,MET,D8_Dox_C1,2314,7.74716496652033,5653,8.640119,3.752279,8,MET
,D8_Dox_C1_CCTTACGAGGCTATCT-1,8,0.14819135,0.06477633,0.10019264,1.82624270957786,True,True,,MEF/other,D8_Dox_C1,4238,8.35208267135264,11668,9.364691,4.0669966,8,MEF/other
,D8_Dox_C1_CTGATCCTCAAGCCTA-1,8,-0.20810178,-0.122120805,-0.18088952,1.02652360716188,True,True,,MEF/other,D8_Dox_C1,1272,7.14913159855741,2363,7.7681103,3.3734639,8,MEF/other
,D8_Dox_C1_CAAGATCCACGGACAA-1,8,-0.19747302,-0.1079093,-0.2041217,1.00225837306089,True,True,,MEF/other,D8_Dox_C1,923,6.82871207164168,1551,7.3472996,3.1906118,8,MEF/other
,D8_Dox_C2_GGTGCGTAGACTTGAA-1,8,-0.31703842,-0.19113299,-0.12840044,1.18432807702095,True,True,,MET,D8_Dox_C2,932,6.83840520084734,1619,7.3901815,3.2092469,8,MET
,D8_Dox_C1_GTCGGGTCAATGGAAT-1,8,-0.062499102,-0.06404956,-0.15555814,0.986517622825708,True,True,,MEF/other,D8_Dox_C1,1176,7.07072410726028,1995,7.5989003,3.299943,8,MEF/other
,D8_Dox_C2_CATCCACCACCACGTG-1,8,-0.12043961,-0.05876348,-0.14945777,0.979729983136824,True,True,,MEF/other,D8_Dox_C2,1534,7.3362856600213,2954,7.991254,3.4704106,8,MEF/other
,D8_Dox_C1_CAGCGACTCAGCTCTC-1,8,-0.17915596,-0.064735495,-0.092627615,1.8640422974126,True,True,,MET,D8_Dox_C1,2618,7.87054784450771,6326,8.752582,3.8011293,8,MET
,D8_Dox_C1_CGCTTCAAGCGATTCT-1,8,-0.20027249,-0.09235703,-0.09050536,0.986286332897672,True,True,,MEF/other,D8_Dox_C1,1361,7.21670948670946,2591,7.860185,3.4134676,8,MEF/other
,D8_Dox_C2_GAACCTATCATAACCG-1,8,-0.106352456,-0.026644446,-0.082821436,0.543188032152168,True,True,,MEF/other,D8_Dox_C2,1699,7.43838353004431,3894,8.267449,3.590396,8,MEF/other
,D8_Dox_C1_CCTCAGTGTACGAAAT-1,8,-0.32470256,-0.13490875,-0.16399929,1.69613251344003,True,True,,MET,D8_Dox_C1,1473,7.29573507274928,2790,7.9341555,3.4456043,8,MET
,D8_Dox_C2_AGGCCACTCTTGTCAT-1,8,-0.11941035,-0.06905753,-0.2291455,0.995111059695991,True,True,,MEF/other,D8_Dox_C2,1004,6.91274282049318,1790,7.4905295,3.2528532,8,MEF/other
,D8_Dox_C2_GTGTGCGGTGTGTGCC-1,8,-0.18453243,-0.073701724,-0.13342606,1.22005947752901,True,True,,MET,D8_Dox_C2,1319,7.18538701558042,2231,7.7106533,3.3484998,8,MET
,D8_Dox_C2_TGAGCATTCGGATGTT-1,8,-0.25688514,-0.11449132,-0.104716636,0.994106783681239,True,True,,MEF/other,D8_Dox_C2,1126,7.02731451403978,2135,7.6666903,3.329398,8,MEF/other
,D8_Dox_C2_TTAGGACAGGACCACA-1,8,-0.23324457,-0.14893101,-0.23313507,2.353154893673,True,True,,MET,D8_Dox_C2,1304,7.17395831975679,2358,7.765993,3.3725438,8,MET
,D8_Dox_C2_GCTCTGTCATCGGACC-1,8,-0.23526062,-0.12752223,-0.18453209,2.9324442882067,True,True,,MET,D8_Dox_C2,1815,7.50439155916124,3578,8.182838,3.5536404,8,MET
,D8_Dox_C1_ACCGTAAAGAGGGCTT-1,8,0.004482069,-0.040804364,-0.03757438,0.963692656532644,True,True,,MET,D8_Dox_C1,2573,7.85321638815607,5909,8.6844015,3.771514,8,MET
,D8_Dox_C1_CAAGATCGTATATCCG-1,8,-0.19574203,-0.17642656,-0.15498427,2.64339092680148,True,True,,MET,D8_Dox_C1,1059,6.96602418710611,1687,7.4312997,3.2271152,8,MET
,D8_Dox_C1_TGCACCTAGTGTACCT-1,8,-0.28921682,-0.19096944,-0.24789037,1.37511875284574,True,True,,MET,D8_Dox_C1,910,6.81454289725996,1439,7.2723985,3.158061,8,MET
,D8_Dox_C1_ACTTTCAAGCCAGGAT-1,8,-0.18899804,-0.18059069,-0.15039289,3.45193982403307,True,True,,MET,D8_Dox_C1,2033,7.61775957660851,4398,8.3891325,3.6432552,8,MET
,D8_Dox_C2_GTACGTATCCAACCAA-1,8,-0.23187904,-0.1670249,-0.09340203,2.82763929705384,True,True,,MET,D8_Dox_C2,1880,7.53955882930103,4638,8.442254,3.6663308,8,MET
,D8_Dox_C1_CTACGTCCAATGACCT-1,8,0.35913342,0.094593205,0.049380716,0.667146676602873,True,True,,MEF/other,D8_Dox_C1,2435,7.79811262882979,5425,8.598957,3.7343998,8,MEF/other
,D8_Dox_C2_TGTATTCAGAATAGGG-1,8,-0.06635958,-0.055520065,-0.16814171,1.2176514197913,True,True,,MEF/other,D8_Dox_C2,1374,7.22620901010067,2558,7.847372,3.4079006,8,MEF/other
,D8_Dox_C2_CATGGCGCACGCATCG-1,8,-0.17785417,-0.110736065,-0.109404854,1.00862219090486,True,True,,MEF/other,D8_Dox_C2,1348,7.20711885620776,2647,7.88156,3.422754,8,MEF/other
,D8_Dox_C1_GTCAAGTCACACTGCG-1,8,-0.23993738,-0.094916254,-0.113552384,1.46715891932393,True,True,,MET,D8_Dox_C1,1788,7.48941208350872,3965,8.285513,3.5982432,8,MET
,D8_Dox_C1_TTTGGTTTCCGCGGTA-1,8,-0.14087191,-0.113728814,-0.08898413,2.72686215344632,True,True,,MET,D8_Dox_C1,877,6.77764659363512,1425,7.2626286,3.153815,8,MET
,D8_Dox_C1_GCGAGAACATCGATGT-1,8,-0.026314782,-0.036542207,-0.032914903,2.63940293571978,True,True,,MET,D8_Dox_C1,3092,8.03689677268507,7768,8.957897,3.8903093,8,MET
,D8_Dox_C2_GTGCAGCCAGGGTATG-1,8,-0.3015999,-0.17260237,-0.12355955,1.30107759309559,True,True,,MET,D8_Dox_C2,1768,7.47816969415979,4255,8.356085,3.6288996,8,MET
,D8_Dox_C1_CGTCAGGCATACCATG-1,8,-0.15434985,-0.06085613,-0.13608155,2.57624996244547,True,True,,MET,D8_Dox_C1,2439,7.79975331828725,5930,8.687948,3.7730548,8,MET
,D8_Dox_C2_TCTGAGAAGCCTATGT-1,8,-0.15380982,-0.1805592,-0.1809156,1.1595693702959,True,True,,MET,D8_Dox_C2,1065,6.97166860472579,1768,7.47817,3.2474823,8,MET
,D8_Dox_C1_GTCAAGTAGGAACTGC-1,8,-0.2054724,-0.1539616,-0.11476653,1.27884022187217,True,True,,MET,D8_Dox_C1,1533,7.3356339819272,3256,8.088562,3.5126843,8,MET
,D8_Dox_C1_CTACATTAGAAGGTGA-1,8,-0.1689626,-0.12421362,-0.09272809,1.10834215166174,True,True,,MET,D8_Dox_C1,1448,7.27862894232068,2577,7.854769,3.4111145,8,MET
,D8_Dox_C2_CCTTACGGTAACGACG-1,8,-0.2334702,-0.14433931,-0.19657414,2.29350828988691,True,True,,MET,D8_Dox_C2,1340,7.20117088328168,2469,7.8119736,3.3925211,8,MET
,D8_Dox_C1_TTTACTGCAACGATCT-1,8,-0.20604198,-0.15501943,-0.1302138,1.98838065258913,True,True,,MET,D8_Dox_C1,1673,7.42297125104942,2965,7.9949694,3.472025,8,MET
,D8_Dox_C1_GGGATGAAGTACGTTC-1,8,-0.12960769,-0.03553871,-0.14591403,0.809914373277279,True,True,,MEF/other,D8_Dox_C1,1217,7.10496544826984,1972,7.5873103,3.294907,8,MEF/other
,D8_Dox_C2_TACTTGTTCGCCCTTA-1,8,-0.32720757,-0.16766618,-0.21277338,1.008181389433,True,True,,MET,D8_Dox_C2,984,6.89264164117209,1765,7.4764724,3.2467449,8,MET
,D8_Dox_C1_TGTTCCGGTCAACTGT-1,8,-0.15877609,-0.15062863,-0.10486623,2.28934282870379,True,True,,MET,D8_Dox_C1,1809,7.50108212425987,3411,8.135054,3.5328817,8,MET
,D8_Dox_C1_ACACCGGAGATCGGGT-1,8,-0.0010755254,-0.13309123,-0.17386734,0.997405970302398,True,True,,MEF/other,D8_Dox_C1,1169,7.0647590277918,1746,7.4656553,3.2420444,8,MEF/other
,D8_Dox_C2_AAGGCAGAGTCAAGGC-1,8,-0.18882097,-0.15357341,-0.13738269,1.07008208316056,True,True,,MET,D8_Dox_C2,1371,7.22402480828583,2485,7.8184304,3.3953266,8,MET
,D8_Dox_C2_GACCAATTCCCTAATT-1,8,-0.1570223,-0.16507661,-0.15070046,2.10054647646614,True,True,,MEF/other,D8_Dox_C2,1189,7.08170858610557,2235,7.712444,3.3492777,8,MEF/other
,D8_Dox_C2_GCAAACTGTATTAGCC-1,8,-0.27867627,-0.14640087,-0.17475002,1.87021213851356,True,True,,MET,D8_Dox_C2,1284,7.15851399732932,2349,7.762171,3.3708832,8,MET
,D8_Dox_C1_AACCGCGCAATGCCAT-1,8,-0.13411169,-0.08054763,-0.20491031,3.03259415238247,True,True,,MEF/other,D8_Dox_C1,1602,7.37963215260955,2674,7.8917046,3.4271615,8,MEF/other
,D8_Dox_C1_CACTCCATCAGTTGAC-1,8,-0.086841255,-0.0013012565,-0.037357148,0.89038234464291,True,True,,MEF/other,D8_Dox_C1,2174,7.68478394352278,5633,8.636575,3.7507398,8,MEF/other
,D8_Dox_C1_CACCAGGTCACGAAGG-1,8,-0.009978303,0.060483802,-0.0020781378,0.648120919789936,True,True,,MEF/other,D8_Dox_C1,3022,8.01400499477946,6714,8.812099,3.8269815,8,MEF/other
,D8_Dox_C2_TACCTATCAATAAGCA-1,8,-0.33890203,-0.16951112,-0.20849812,1.00953480632645,True,True,,MET,D8_Dox_C2,1261,7.14045304310116,2241,7.7151237,3.350442,8,MET
,D8_Dox_C1_CGTTAGAGTGCGGTAA-1,8,-0.013429196,-0.026294181,-0.020579178,0.459404495889943,True,True,,MEF/other,D8_Dox_C1,2014,7.60837447438078,4827,8.482187,3.6836774,8,MEF/other
,D8_Dox_C2_CATCGAACACGAAACG-1,8,-0.2732783,-0.110840365,-0.19332111,1.6910144240298,True,True,,MET,D8_Dox_C2,1719,7.4500795698075,3847,8.255309,3.5851223,8,MET
,D8_Dox_C2_ACCGTAAAGCTAGTGG-1,8,-0.29032722,-0.18181841,-0.17391916,1.19172179014835,True,True,,MET,D8_Dox_C2,1090,6.99484998583307,1950,7.5760975,3.2900348,8,MET
,D8_Dox_C2_TGGTTAGGTGGTCCGT-1,8,-0.11846082,-0.14662078,-0.15450108,3.60760631140116,True,True,,MET,D8_Dox_C2,1355,7.21229446850034,2302,7.741968,3.3621054,8,MET
,D8_Dox_C2_GCAATCATCAGCATGT-1,8,-0.2556526,-0.12816215,-0.123850085,1.98052473432646,True,True,,MET,D8_Dox_C2,1356,7.21303165983487,2456,7.8066964,3.3902285,8,MET
,D8_Dox_C2_ACGATGTAGTAGCGGT-1,8,-0.34627473,-0.20058875,-0.212483,1.09012460889477,True,True,,MET,D8_Dox_C2,1106,7.00940893270864,1979,7.5908523,3.2964458,8,MET
,D8_Dox_C1_CTAGTGATCCTGTACC-1,8,-0.25306585,-0.17070456,-0.1067842,1.82841388787695,True,True,,MET,D8_Dox_C1,1664,7.41758040241454,3483,8.155936,3.5419536,8,MET
,D8_Dox_C1_CTGCCTAGTACTCTCC-1,8,-0.27087846,-0.13295723,-0.13999653,1.80730056469968,True,True,,MET,D8_Dox_C1,1774,7.48155570190952,3675,8.20958,3.5652573,8,MET
,D8_Dox_C1_GTTCGGGTCTTGGGTA-1,8,-0.20834549,-0.12383283,-0.23058698,1.14164371172854,True,True,,MET,D8_Dox_C1,1074,6.98007594056176,1692,7.4342575,3.2284005,8,MET
,D8_Dox_C1_TCAATCTTCGCCATAA-1,8,-0.27402672,-0.119817056,-0.08511478,1.00883836877614,True,True,,MET,D8_Dox_C1,1371,7.22402480828583,2477,7.815207,3.3939261,8,MET
,D8_Dox_C2_AAAGATGAGAAGAAGC-1,8,-0.30431837,-0.16232869,-0.2467405,1.39446856608822,True,True,,MET,D8_Dox_C2,976,6.88448665204278,1482,7.301822,3.1708484,8,MET
,D8_Dox_C2_GCCTCTACAAGCCATT-1,8,-0.1665409,-0.07480005,-0.044821195,1.88072008771804,True,True,,MET,D8_Dox_C2,2378,7.77443551030296,5643,8.638349,3.7515101,8,MET
,D8_Dox_C1_TTTACTGAGGCATGTG-1,8,-0.12194524,-0.12463996,-0.14133944,0.96353319061684,True,True,,MEF/other,D8_Dox_C1,975,6.88346258641309,1585,7.3689704,3.2000294,8,MEF/other
,D8_Dox_C1_AGTGTCATCTTGAGGT-1,8,0.16882673,0.089056365,-0.0060754805,0.560525863389811,True,True,,MEF/other,D8_Dox_C1,1784,7.48717369421374,3403,8.132707,3.531862,8,MEF/other
,D8_Dox_C2_CGATGGCAGAAGATTC-1,8,-0.25442728,-0.1325249,-0.16680318,1.23840543723683,True,True,,MET,D8_Dox_C2,1351,7.20934025660291,2705,7.903227,3.4321673,8,MET
,D8_Dox_C1_AACTTTCCACGGCTAC-1,8,0.07346598,0.02799341,-0.042497937,0.948498900022355,True,True,,MEF/other,D8_Dox_C1,1583,7.36770857237437,2795,7.935945,3.446382,8,MEF/other
,D8_Dox_C1_GGACAGAGTGTTCGAT-1,8,-0.18944456,-0.1044114,-0.1504834,1.00495392940373,True,True,,MET,D8_Dox_C1,1575,7.36264527041782,2942,7.9871845,3.4686427,8,MET
,D8_Dox_C2_ACTGATGGTTGGTTTG-1,8,-0.23162948,-0.2042545,-0.21608976,2.41143541523991,True,True,,MET,D8_Dox_C2,1168,7.06390396147207,2131,7.664816,3.3285835,8,MET
,D8_Dox_C2_CAGCTGGGTCACTTCC-1,8,-0.16966443,-0.08333963,-0.12039199,3.73394287075943,True,True,,MET,D8_Dox_C2,2151,7.67415292128167,4138,8.32821,3.6167905,8,MET
,D8_Dox_C1_TACAGTGTCTAGAGTC-1,8,-0.24279831,-0.09946709,-0.11212031,1.00552604803001,True,True,,MEF/other,D8_Dox_C1,1141,7.04053639021596,1969,7.5857887,3.294246,8,MEF/other
,D8_Dox_C2_AAGGAGCCAGGTCTCG-1,8,-0.1583482,-0.12942196,-0.12514336,1.82502325428123,True,True,,MET,D8_Dox_C2,1709,7.44424864949671,3338,8.113426,3.5234864,8,MET
,D8_Dox_C2_CTGCTGTTCCGCGTTT-1,8,-0.32938844,-0.17623158,-0.14363886,0.965932180859466,True,True,,MET,D8_Dox_C2,1339,7.20042489294496,2734,7.9138865,3.4367986,8,MET
,D8_Dox_C1_CTCGGGACACATAACC-1,8,-0.1318241,-0.07155526,-0.104924396,3.4147463264013,True,True,,MET,D8_Dox_C1,1772,7.48042830607421,3348,8.116417,3.5247855,8,MET
,D8_Dox_C1_CAACTAGAGACCCACC-1,8,-0.14817855,-0.101287,-0.10791716,3.66358765205375,True,True,,MET,D8_Dox_C1,2144,7.67089483136212,4865,8.490027,3.687083,8,MET
,D8_Dox_C1_ATTGGACAGATCGATA-1,8,0.030181013,-0.046294082,0.018126223,0.441421768012282,True,True,,MET,D8_Dox_C1,3784,8.23880116587155,9720,9.182044,3.9876664,8,MET
,D8_Dox_C2_ACTGATGGTCGATTGT-1,8,-0.09687948,-0.106054775,-0.15579233,0.99874658707826,True,True,,MEF/other,D8_Dox_C2,1129,7.02997291170639,2121,7.6601143,3.3265407,8,MEF/other
,D8_Dox_C2_AAGGCAGAGCTGAAAT-1,8,-0.28710443,-0.14677554,-0.16704452,1.00645477195459,True,True,,MEF/other,D8_Dox_C2,1157,7.05444965813294,2303,7.742402,3.362294,8,MEF/other
,D8_Dox_C1_GCATACAGTCGAATCT-1,8,-0.24618916,-0.11628016,-0.1184668,1.08473408202084,True,True,,MEF/other,D8_Dox_C1,1102,7.0057890192535,1847,7.521859,3.266467,8,MEF/other
,D8_Dox_C1_AGTCTTTCAATGTTGC-1,8,-0.20714714,-0.13032973,-0.17881641,1.03163925147189,True,True,,MET,D8_Dox_C1,1559,7.35244110024358,3242,8.084254,3.510813,8,MET
,D8_Dox_C2_TGCTACCTCGACGGAA-1,8,-0.23529862,-0.20787966,-0.20691676,1.11547123969455,True,True,,MET,D8_Dox_C2,1174,7.06902342657826,2129,7.6638775,3.3281758,8,MET
,D8_Dox_C2_CTCGGGACAGACGCTC-1,8,-0.20759752,-0.11933285,-0.14844541,1.00528799329864,True,True,,MEF/other,D8_Dox_C2,1151,7.04925484125584,2279,7.7319307,3.3577445,8,MEF/other
,D8_Dox_C1_CATCGGGAGCGTAGTG-1,8,-0.13372406,-0.10672126,-0.15038934,0.990485976540946,True,True,,MEF/other,D8_Dox_C1,1640,7.40306109109009,2921,7.9800234,3.4655316,8,MEF/other
,D8_Dox_C1_TTGCGTCGTTGGTTTG-1,8,-0.3025883,-0.09909343,-0.26584214,1.00689893006385,True,True,,MET,D8_Dox_C1,826,6.71780469502369,1364,7.2189097,3.1348145,8,MET
,D8_Dox_C2_CTCTACGCACATTAGC-1,8,-0.23326905,-0.10951379,-0.13585041,2.2386547000276,True,True,,MET,D8_Dox_C2,1730,7.45645455517621,3556,8.176673,3.5509617,8,MET
,D8_Dox_C1_GCATGTAGTTTGGCGC-1,8,-0.11184673,-0.095298916,-0.084552675,3.91006473203894,True,True,,MET,D8_Dox_C1,2074,7.6377164326648,4016,8.29829,3.6037939,8,MET
,D8_Dox_C1_CTTTGCGGTCATACTG-1,8,0.025468819,-0.06469949,-0.0395699,0.660167792611584,True,True,,MEF/other,D8_Dox_C1,1590,7.37211802833779,3633,8.19809,3.5602655,8,MEF/other
,D8_Dox_C1_GCTCTGTTCGTCGTTC-1,8,-0.18209389,-0.16459152,-0.138211,1.00393757887277,True,True,,MEF/other,D8_Dox_C1,1120,7.02197642307216,1931,7.566311,3.2857823,8,MEF/other
,D8_Dox_C2_GAAATGATCCTCTAGC-1,8,-0.065081656,-0.08973982,-0.10482307,2.70401627947997,True,True,,MET,D8_Dox_C2,1861,7.52940645783701,3155,8.05706,3.4989994,8,MET
,D8_Dox_C2_CTAATGGGTGAGGGAG-1,8,-0.1890506,-0.051767826,-0.13499203,0.943775035076841,True,True,,MET,D8_Dox_C2,1507,7.3185395485679,3061,8.026824,3.4858634,8,MET
,D8_Dox_C1_CCCATACGTCAATACC-1,8,-0.16113314,-0.05920932,-0.13303891,1.30249145902266,True,True,,MET,D8_Dox_C1,1510,7.32052696227274,2696,7.899895,3.43072,8,MET
,D8_Dox_C2_CGGCTAGGTTTGGGCC-1,8,-0.18130845,-0.19997472,-0.121681534,1.69301308186004,True,True,,MET,D8_Dox_C2,1736,7.45991476624111,3144,8.053569,3.4974825,8,MET
,D8_Dox_C2_GTCCTCAAGAGGACGG-1,8,-0.08401597,-0.094963856,-0.11046823,0.798312045520019,True,True,,MEF/other,D8_Dox_C2,1567,7.35755620091035,3588,8.185629,3.5548525,8,MEF/other
,D8_Dox_C2_GTCATTTTCGCCAAAT-1,8,-0.20589529,-0.1088864,-0.19635378,3.25264410288756,True,True,,MET,D8_Dox_C2,1472,7.29505641646263,2561,7.8485436,3.4084096,8,MET
,D8_Dox_C2_CCTTTCTTCGTCGTTC-1,8,-0.3123571,-0.195694,-0.26757738,1.02571077630138,True,True,,MET,D8_Dox_C2,993,6.90173720665657,1698,7.437795,3.2299378,8,MET
,D8_Dox_C1_TCCACACCAGTCGTGC-1,8,-0.14493938,-0.17270471,-0.14392489,1.18732218655578,True,True,,MET,D8_Dox_C1,1365,7.21964204013074,2479,7.816014,3.3942766,8,MET
,D8_Dox_C1_TTTACTGAGGAGTCTG-1,8,-0.010370934,-0.09151489,-0.08338717,3.43218683439966,True,True,,MET,D8_Dox_C1,1925,7.56320059235807,3447,8.14555,3.5374413,8,MET
,D8_Dox_C1_TGACAACTCGTAGGTT-1,8,-0.11146688,-0.06814901,-0.10142044,0.98966529872437,True,True,,MEF/other,D8_Dox_C1,1481,7.30114780585603,3018,8.012681,3.4797194,8,MEF/other
,D8_Dox_C2_TTTGGTTGTATAGTAG-1,8,-0.2374856,-0.10509097,-0.0618941,2.97395004037698,True,True,Epithelial,Epithelial,D8_Dox_C2,2095,7.64778604544093,4165,8.334712,3.619615,8,Epithelial
,D8_Dox_C1_CCCAGTTGTCTAGAGG-1,8,-0.1022002,-0.03851048,-0.07074775,2.56571162974571,True,True,,MEF/other,D8_Dox_C1,2282,7.7332456465298,4880,8.493105,3.6884198,8,MEF/other
,D8_Dox_C1_CATTATCAGTGGGATC-1,8,-0.29634312,-0.16203901,-0.20877542,0.995455707403258,True,True,,MET,D8_Dox_C1,847,6.7428806357919,1200,7.09091,3.0791814,8,MET
,D8_Dox_C1_CATGACACATCACCCT-1,8,0.057891782,-0.06665433,-0.037849493,1.89246422575655,True,True,,MET,D8_Dox_C1,3409,8.13446757027756,8185,9.01018,3.913019,8,MET
,D8_Dox_C2_CCATTCGAGTGGTAAT-1,8,0.015103238,-0.006727109,-0.051174413,0.875612095537906,True,True,,MEF/other,D8_Dox_C2,2114,7.65681009148038,4481,8.4078245,3.651375,8,MEF/other
,D8_Dox_C2_GATGAGGGTTATGTGC-1,8,-0.26878434,-0.14937538,-0.113052845,0.995566691375384,True,True,,MET,D8_Dox_C2,1340,7.20117088328168,2764,7.924796,3.441538,8,MET
,D8_Dox_C1_CGACTTCCAGTGAGTG-1,8,-0.20744985,-0.13950536,-0.1494117,1.01533079272103,True,True,,MET,D8_Dox_C1,1389,7.23705902612474,2417,7.790696,3.3832767,8,MET
,D8_Dox_C1_TAGACCACATTCTTAC-1,8,-0.06031965,-0.13538967,-0.1451726,1.00270523267901,True,True,,MEF/other,D8_Dox_C1,980,6.88857245956536,1788,7.4894123,3.2523677,8,MEF/other
,D8_Dox_C2_CGTTAGACAACACCTA-1,8,-0.33775768,-0.19520819,-0.19972679,2.83921338152661,True,True,,MET,D8_Dox_C2,1072,6.9782137426307,1989,7.59589,3.298635,8,MET
,D8_Dox_C1_CACAAACAGTTCCACA-1,8,-0.31721112,-0.14225325,-0.14231043,1.63317023499579,True,True,,MET,D8_Dox_C1,1764,7.4759059693674,3775,8.236421,3.576917,8,MET
,D8_Dox_C2_AATCGGTCAGGTCGTC-1,8,-0.19436038,-0.12592435,-0.18361141,1.5367435797773,True,True,,MET,D8_Dox_C2,1202,7.09257371597468,1984,7.5933743,3.2975419,8,MET
,D8_Dox_C1_AGTGTCAGTTAGAACA-1,8,-0.0875073,-0.070759386,-0.15063624,2.66698678904531,True,True,,MET,D8_Dox_C1,1811,7.50218648660292,3194,8.069343,3.504335,8,MET
,D8_Dox_C1_AAAGATGCACCAACCG-1,8,0.034639787,-0.02508127,-0.056935314,1.75167637511524,True,True,Stromal,Stromal,D8_Dox_C1,1607,7.38274644973891,3325,8.109526,3.5217917,8,Stromal
,D8_Dox_C1_AAAGTAGAGACACGAC-1,8,-0.26958218,-0.07415669,-0.15993647,0.998110325252861,True,True,,MEF/other,D8_Dox_C1,1171,7.06646697013696,2118,7.6586995,3.325926,8,MEF/other
,D8_Dox_C2_CTTTGCGCAGGTGGAT-1,8,-0.21203832,-0.18724787,-0.18288825,1.0016387932613,True,True,,MEF/other,D8_Dox_C2,855,6.75227037614174,1317,7.183871,3.119586,8,MEF/other
,D8_Dox_C2_GACTGCGGTCTAGCGC-1,8,-0.18169132,-0.16949342,-0.1939177,2.33809429014468,True,True,,MET,D8_Dox_C2,1156,7.05358572719368,1891,7.5453897,3.2766917,8,MET
,D8_Dox_C1_AAACGGGAGCTGAACG-1,8,-0.009512054,-0.0068995957,-0.06489876,0.644832958303286,True,True,,MET,D8_Dox_C1,2158,7.67740043051481,4989,8.515191,3.6980135,8,MET
,D8_Dox_C1_ACGGGTCAGACAAAGG-1,8,-0.22339244,-0.15854383,-0.2014236,1.03771748276137,True,True,,MET,D8_Dox_C1,1237,7.12125245324454,2343,7.759614,3.3697724,8,MET
,D8_Dox_C1_TCGCGAGTCTACCTGC-1,8,0.12886181,0.018868042,-0.067653544,3.13572167115891,True,True,,MEF/other,D8_Dox_C1,2335,7.75619534394812,4262,8.357728,3.6296134,8,MEF/other
,D8_Dox_C2_TCGGGACCAACAACCT-1,8,-0.10987946,-0.08462538,-0.18506344,0.999308346343886,True,True,,MEF/other,D8_Dox_C2,1030,6.93828448401696,1719,7.4500794,3.235276,8,MEF/other
,D8_Dox_C1_TAGCCGGAGAATCTCC-1,8,-0.23645183,-0.13092723,-0.19081643,2.1458548546242,True,True,,MET,D8_Dox_C1,1547,7.34471905414967,2829,7.948032,3.451633,8,MET
,D8_Dox_C2_CGTCCATCATGGTAGG-1,8,-0.020290839,0.0087299235,-0.015790334,0.68012523291774,True,True,,MEF/other,D8_Dox_C2,1649,7.40853056689463,3332,8.111629,3.522705,8,MEF/other
,D8_Dox_C2_ACGCCGACAGCAGTTT-1,8,-0.19744785,-0.13351539,-0.1593792,1.23834329981982,True,True,,MET,D8_Dox_C2,1546,7.34407285057307,3041,8.02027,3.4830165,8,MET
,D8_Dox_C2_CTAAGACTCGATCCCT-1,8,-0.17895651,-0.12072308,-0.19212893,2.81613808345488,True,True,,MEF/other,D8_Dox_C2,1411,7.25276241805319,2676,7.8924522,3.4274862,8,MEF/other
,D8_Dox_C2_CCCTCCTCATCGTCGG-1,8,-0.23049973,-0.09533664,-0.23220788,1.26858328185043,True,True,,MET,D8_Dox_C2,1438,7.27170370688737,2894,7.9707403,3.4614987,8,MET
,D8_Dox_C1_CACTCCACACGTAAGG-1,8,-0.2628111,-0.19303541,-0.21943103,0.970762280829264,True,True,,MEF/other,D8_Dox_C1,1020,6.92853781816467,1812,7.502738,3.2581582,8,MEF/other
,D8_Dox_C2_CCTAAAGTCGCCAGCA-1,8,-0.20167571,-0.18111977,-0.173725,1.24624911202942,True,True,,MET,D8_Dox_C2,1285,7.15929190479756,2268,7.7270947,3.3556433,8,MET
,D8_Dox_C2_CCAATCCTCGCAAGCC-1,8,-0.11636375,-0.1488142,-0.11542537,3.50107213773532,True,True,,MET,D8_Dox_C2,2030,7.61628356158038,4157,8.332789,3.6187801,8,MET
,D8_Dox_C1_GAATAAGTCACCGGGT-1,8,-0.08418365,-0.06527657,-0.025909021,2.80250459512034,True,True,Epithelial,Epithelial,D8_Dox_C1,2734,7.91388671485608,5633,8.636575,3.7507398,8,Epithelial
,D8_Dox_C2_ACATGGTCAAAGCAAT-1,8,-0.2801273,-0.16073173,-0.14977476,1.10798963094741,True,True,,MET,D8_Dox_C2,1515,7.32383056620232,2870,7.9624157,3.457882,8,MET
,D8_Dox_C1_CTCTACGAGCCACCTG-1,8,-0.16974722,-0.085433654,-0.13765632,1.03504750234856,True,True,,MET,D8_Dox_C1,1633,7.39878627541995,3026,8.015327,3.480869,8,MET
,D8_Dox_C2_TCACGAACATCGGTTA-1,8,-0.13197777,-0.121822454,-0.0751121,3.11130549573087,True,True,,MET,D8_Dox_C2,2123,7.66105638236183,4384,8.385945,3.6418705,8,MET
,D8_Dox_C1_TCAATCTGTGAAATCA-1,8,-0.09964332,-0.11092598,-0.05228976,2.62347058601278,True,True,,MET,D8_Dox_C1,1437,7.27100853828099,2408,7.786967,3.3816566,8,MET
,D8_Dox_C1_CAGGTGCCAAGTCATC-1,8,-0.08500706,-0.0693423,-0.1555538,0.991053636368816,True,True,,MEF/other,D8_Dox_C1,1297,7.16857989726404,2438,7.7993436,3.387034,8,MEF/other
,D8_Dox_C2_TCTTCGGAGTCGTTTG-1,8,-0.3359643,-0.19841757,-0.2598336,1.12922823712914,True,True,,MET,D8_Dox_C2,828,6.7202201551353,1416,7.256297,3.1510634,8,MET
,D8_Dox_C2_GTACGTAGTAGCGTCC-1,8,-0.27790108,-0.16199173,-0.20859018,1.00104318067861,True,True,,MEF/other,D8_Dox_C2,976,6.88448665204278,1835,7.5153446,3.263636,8,MEF/other
,D8_Dox_C1_GATCTAGGTCTGATCA-1,8,-0.27518898,-0.13831015,-0.26260537,1.17317467973566,True,True,,MET,D8_Dox_C1,1025,6.93342302573072,1719,7.4500794,3.235276,8,MET
,D8_Dox_C1_TAGGCATCACCGGAAA-1,8,-0.19750385,-0.08539126,-0.078321,1.10346920143463,True,True,,MET,D8_Dox_C1,1793,7.49220304261874,4183,8.339023,3.6214879,8,MET
,D8_Dox_C2_CATATGGCATTACGAC-1,8,-0.24263427,-0.16689953,-0.16034429,1.97332536486859,True,True,,MET,D8_Dox_C2,1662,7.41637847919293,3430,8.140607,3.535294,8,MET
,D8_Dox_C2_GCAATCATCGGTCCGA-1,8,0.16052793,-0.10912821,-0.040908534,0.947929066986636,True,True,,MEF/other,D8_Dox_C2,1449,7.27931883541462,2287,7.7354336,3.3592663,8,MEF/other
,D8_Dox_C1_GTCGGGTCATAGTAAG-1,8,-0.034420136,-0.10575051,-0.15659358,0.990236951812881,True,True,,MEF/other,D8_Dox_C1,1483,7.30249642372733,2627,7.8739786,3.4194603,8,MEF/other
,D8_Dox_C1_CCTAAAGGTCTAGGTT-1,8,-0.040558077,-0.054423798,-0.10299695,0.983917863812601,True,True,,MEF/other,D8_Dox_C1,1496,7.31121838441963,3150,8.055475,3.4983106,8,MEF/other
,D8_Dox_C1_GGCCGATGTGTGCCTG-1,8,-0.22120076,-0.12898888,-0.12998864,1.61916969040273,True,True,,MET,D8_Dox_C1,2027,7.61480536471107,4833,8.48343,3.6842167,8,MET
,D8_Dox_C1_CAGAGAGAGGACCACA-1,8,0.11910626,-0.055625513,-0.09652128,3.24650670438711,True,True,,MEF/other,D8_Dox_C1,2210,7.70120018085745,4244,8.3534975,3.6277754,8,MEF/other
,D8_Dox_C1_AGGTCCGCATATACGC-1,8,-0.28561494,-0.18715599,-0.1950607,1.03503970370129,True,True,,MET,D8_Dox_C1,1144,7.04315991598834,2086,7.643483,3.3193145,8,MET
,D8_Dox_C1_TGACAACAGTAAGTAC-1,8,-0.15903327,-0.14808354,-0.17570281,1.00439905055937,True,True,,MEF/other,D8_Dox_C1,1268,7.14598446771439,2469,7.8119736,3.3925211,8,MEF/other
,D8_Dox_C2_AAGGCAGTCACTTCAT-1,8,0.015194323,0.013416682,0.07786318,0.441486624080851,True,True,,MEF/other,D8_Dox_C2,1772,7.48042830607421,3755,8.23111,3.57461,8,MEF/other
,D8_Dox_C2_CATCGGGCACAGGAGT-1,8,-0.20579629,-0.100732714,-0.123471476,0.975750924428847,True,True,,MET,D8_Dox_C2,1692,7.43425738213314,3441,8.143808,3.5366848,8,MET
,D8_Dox_C1_CTTGGCTTCGCTTAGA-1,8,-0.19830921,-0.1439746,-0.17038217,1.1025251388516,True,True,,MET,D8_Dox_C1,1460,7.2868764117507,2734,7.9138865,3.4367986,8,MET
,D8_Dox_C2_TCAGATGGTCTCTCGT-1,8,-0.1584503,-0.13623527,-0.053037126,3.06471530300927,True,True,,MEF/other,D8_Dox_C2,1638,7.40184157874383,2903,7.9738445,3.4628472,8,MEF/other
,D8_Dox_C1_CCATTCGCACGAGGTA-1,8,-0.15929507,-0.11835077,-0.13304418,2.04666420483799,True,True,,MET,D8_Dox_C1,1399,7.24422751560335,2355,7.7647204,3.3719912,8,MET
,D8_Dox_C2_ACGGCCATCTCCTATA-1,8,-0.2236931,-0.21639067,-0.18323241,2.27447835696045,True,True,,MET,D8_Dox_C2,1238,7.12205988162914,2176,7.6857033,3.3376591,8,MET
,D8_Dox_C2_GATCGATCACAAGCCC-1,8,-0.27999812,-0.23807943,-0.27712354,1.00527243479329,True,True,,MEF/other,D8_Dox_C2,718,6.57786135772105,1131,7.031741,3.0534627,8,MEF/other
,D8_Dox_C1_CCTATTAGTCATCCCT-1,8,0.0356958,-0.025750287,-0.07291286,0.949805751940268,True,True,,MEF/other,D8_Dox_C1,1926,7.56371966841437,4577,8.429017,3.6605809,8,MEF/other
,D8_Dox_C1_CAAGAAAAGTTGTAGA-1,8,-0.19202046,-0.09990411,-0.2178846,1.2981410892934,True,True,,MET,D8_Dox_C1,1173,7.06817200038804,2136,7.667158,3.3296013,8,MET
,D8_Dox_C1_CACATAGGTCAAACTC-1,8,-0.03343794,-0.009683881,-0.0728884,3.80406045434643,True,True,,MET,D8_Dox_C1,2863,7.95997452808054,6933,8.8441925,3.8409214,8,MET
,D8_Dox_C2_CGCTATCTCGCGTTTC-1,8,-0.04756665,-0.09009911,-0.14464246,1.00034351875221,True,True,,MEF/other,D8_Dox_C2,1153,7.05098944706804,1997,7.599902,3.300378,8,MEF/other
,D8_Dox_C2_CGTCTACCAGTAAGCG-1,8,-0.29980233,-0.13000262,-0.1215682,1.00507151475545,True,True,,MEF/other,D8_Dox_C2,991,6.89972310728487,1887,7.5432734,3.275772,8,MEF/other
,D8_Dox_C2_GTCGGGTGTCATGCAT-1,8,-0.255532,-0.1031752,-0.10916202,3.24532446521862,True,True,,MET,D8_Dox_C2,1851,7.52402141520613,3490,8.157944,3.5428255,8,MET
,D8_Dox_C2_GGCTGGTCATGCGCAC-1,8,-0.32267365,-0.1566342,-0.19379166,1.0022826422034,True,True,,MET,D8_Dox_C2,965,6.87316383421252,1632,7.3981743,3.2127204,8,MET
,D8_Dox_C1_AAGGAGCGTTCTGGTA-1,8,-0.04168359,-0.025628118,-0.14094438,3.73129937514237,True,True,,MEF/other,D8_Dox_C1,1718,7.44949800538285,2923,7.9807076,3.465829,8,MEF/other
,D8_Dox_C1_ACTGAACTCCGCATCT-1,8,0.03961134,-0.03258563,-0.14131564,3.11731195697785,True,True,,MET,D8_Dox_C1,2688,7.89692465626886,5605,8.631593,3.7485757,8,MET
,D8_Dox_C2_CCGGGATAGTGTCCCG-1,8,-0.3710451,-0.1478811,-0.23696494,1.05155015534663,True,True,,MET,D8_Dox_C2,742,6.61069604471776,1116,7.0184016,3.0476644,8,MET
,D8_Dox_C1_AGAGTGGGTTGACGTT-1,8,0.040696792,-0.06436118,-0.15954353,0.862701082319387,True,True,,MEF/other,D8_Dox_C1,1407,7.24992553671799,2597,7.8624973,3.414472,8,MEF/other
,D8_Dox_C1_ATTGGACCAGGATTGG-1,8,-0.30794594,-0.16687073,-0.18853687,1.34404512646902,True,True,,MET,D8_Dox_C1,1191,7.08338784762529,2146,7.671827,3.3316298,8,MET
,D8_Dox_C1_AGAGTGGGTACACCGC-1,8,-0.22023185,-0.17265983,-0.1529167,1.00338893346758,True,True,,MET,D8_Dox_C1,1157,7.05444965813294,2076,7.63868,3.3172274,8,MET
,D8_Dox_C1_CGAACATCAGCCAGAA-1,8,-0.06882358,0.075918734,-0.06051473,3.28486162102816,True,True,,MET,D8_Dox_C1,1702,7.44014668066269,3369,8.122668,3.527501,8,MET
,D8_Dox_C2_GACCTGGTCACGATGT-1,8,-0.20072795,-0.116657995,-0.102497555,2.71125602154492,True,True,,MET,D8_Dox_C2,1709,7.44424864949671,3724,8.222822,3.5710096,8,MET
,D8_Dox_C1_TTGCCGTAGACGCACA-1,8,-0.19883175,-0.122042194,-0.1724595,1.12086451527531,True,True,,MET,D8_Dox_C1,1464,7.28961052145117,2648,7.8819375,3.422918,8,MET
,D8_Dox_C2_AAGTCTGGTCTTTCAT-1,8,-0.12212756,-0.13738175,-0.15340656,3.12195905804045,True,True,,MET,D8_Dox_C2,1966,7.58426481838906,3819,8.248006,3.5819497,8,MET
,D8_Dox_C1_AGCTCCTTCGGAGCAA-1,8,-0.19515574,-0.20826913,-0.19862193,1.41193376103939,True,True,,MET,D8_Dox_C1,1178,7.07242190053737,1924,7.562681,3.2842052,8,MET
,D8_Dox_C2_ATCCGAACACGACTCG-1,8,-0.2420586,-0.16173065,-0.188407,1.45286750116037,True,True,,MET,D8_Dox_C2,1272,7.14913159855741,2083,7.6420445,3.3186893,8,MET
,D8_Dox_C1_CAGAATCTCTCGTTTA-1,8,-0.14282303,-0.008784412,-0.0370607,1.0017089979641,True,True,,MEF/other,D8_Dox_C1,1106,7.00940893270864,2028,7.6152983,3.307068,8,MEF/other
,D8_Dox_C1_GGAATAAGTATATGGA-1,8,-0.21035714,-0.14887041,-0.12748653,1.00439166035377,True,True,,MEF/other,D8_Dox_C1,1582,7.36707705988101,3205,8.07278,3.5058281,8,MEF/other
,D8_Dox_C1_GCTGCTTAGAGAACAG-1,8,-0.170854,-0.14836967,-0.19140479,2.18766861259244,True,True,,MET,D8_Dox_C1,1669,7.4205789054108,3172,8.062433,3.5013332,8,MET
,D8_Dox_C1_TCACAAGGTTCCACTC-1,8,-0.24409072,-0.07727085,-0.099234246,0.997488542181769,True,True,,MET,D8_Dox_C1,1405,7.24850407237061,2845,7.9536695,3.4540825,8,MET
,D8_Dox_C2_GGAAAGCGTGCACTTA-1,8,-0.28854308,-0.13919139,-0.1611049,1.18826992296343,True,True,,MET,D8_Dox_C2,1182,7.07580886397839,1983,7.59287,3.2973228,8,MET
,D8_Dox_C2_TCTTCGGAGCTAGTGG-1,8,-0.06945238,-0.0033185733,-0.03645913,0.909077946375666,True,True,,MEF/other,D8_Dox_C2,2457,7.80710329012598,5768,8.6602545,3.7610254,8,MEF/other
,D8_Dox_C1_GCACTCTCAGCCTATA-1,8,-0.066114776,-0.050767954,-0.056611996,0.846050717622813,True,True,,MET,D8_Dox_C1,2376,7.77359446736019,5685,8.645762,3.7547305,8,MET
,D8_Dox_C1_ACGATACCAATGGACG-1,8,-0.23019704,-0.14489742,-0.18318169,1.87849055669389,True,True,,MEF/other,D8_Dox_C1,855,6.75227037614174,1399,7.2442274,3.145818,8,MEF/other
,D8_Dox_C1_AAAGTAGCAAAGTCAA-1,8,-0.2385892,-0.09124612,-0.12707737,0.989882902497171,True,True,,MEF/other,D8_Dox_C1,1221,7.10824413973154,2103,7.6515956,3.3228395,8,MEF/other
,D8_Dox_C2_GCAATCAGTCAGAAGC-1,8,-0.16602018,-0.12976493,-0.15583734,1.30170504104836,True,True,,MEF/other,D8_Dox_C2,1197,7.08840877867539,2186,7.690286,3.3396504,8,MEF/other
,D8_Dox_C1_CGTAGGCTCCATTCTA-1,8,-0.038507815,-0.06861573,-0.10432576,1.83171147127963,True,True,,MEF/other,D8_Dox_C1,1759,7.4730690880322,2942,7.9871845,3.4686427,8,MEF/other
,D8_Dox_C1_GAACCTAGTCATCGGC-1,8,-0.22317961,-0.13026373,-0.24647771,1.44411979729373,True,True,,MET,D8_Dox_C1,1285,7.15929190479756,2100,7.650169,3.3222194,8,MET
,D8_Dox_C2_CTTTGCGAGTAACCCT-1,8,-0.3459203,-0.140016,-0.22510304,1.00576886948305,True,True,,MET,D8_Dox_C2,743,6.61204103483309,1237,7.1212525,3.0923698,8,MET
,D8_Dox_C2_CGACTTCTCTCGAGTA-1,8,-0.25949815,-0.13449916,-0.26172605,2.14670322978711,True,True,,MET,D8_Dox_C2,875,6.77536609093639,1303,7.1731915,3.1149447,8,MET
,D8_Dox_C2_AGCAGCCTCGAACGGA-1,8,-0.16358578,-0.05178372,-0.18348593,3.58468424334476,True,True,,MET,D8_Dox_C2,1747,7.46622755621548,3668,8.207674,3.5644293,8,MET
,D8_Dox_C1_GCGCGATGTATAAACG-1,8,-0.18546139,-0.027012346,-0.18156973,2.94951194704404,True,True,,MET,D8_Dox_C1,1877,7.53796265976821,3721,8.222016,3.5706596,8,MET
,D8_Dox_C1_AGCAGCCCACAAGACG-1,8,0.008617584,0.016071992,0.0064406083,0.281141488806113,True,True,,MEF/other,D8_Dox_C1,3359,8.11969625295725,9805,9.19075,3.991448,8,MEF/other
,D8_Dox_C2_CTCTGGTCACCTCGTT-1,8,-0.38599303,-0.19913585,-0.26321176,1.02677969137458,True,True,,MET,D8_Dox_C2,699,6.5510803350434,1231,7.116394,3.0902584,8,MET
,D8_Dox_C2_TTAGTTCAGGAACTGC-1,8,-0.12391611,-0.1709361,-0.14187682,1.00669104194269,True,True,,MEF/other,D8_Dox_C2,906,6.81014245011514,1566,7.3569183,3.1947918,8,MEF/other
,D8_Dox_C1_TCTGGAAAGTACACCT-1,8,-0.2417739,-0.14266443,-0.17090595,1.00494384827359,True,True,,MEF/other,D8_Dox_C1,1014,6.92264389147589,1857,7.527256,3.268812,8,MEF/other
,D8_Dox_C2_AACTCCCGTAAAGTCA-1,8,-0.38816443,-0.20339115,-0.2655379,1.04019254451198,True,True,,MET,D8_Dox_C2,751,6.62273632394984,1300,7.1708884,3.1139436,8,MET
,D8_Dox_C1_AGCCTAAAGATGGCGT-1,8,-0.05240195,-0.051604375,-0.11988268,1.16669394728897,True,True,Stromal,Stromal,D8_Dox_C1,1405,7.24850407237061,2811,7.9416513,3.448861,8,Stromal
,D8_Dox_C2_ACTTGTTGTTCAGCGC-1,8,-0.19549814,-0.12642035,-0.13829477,3.28479629486187,True,True,,MET,D8_Dox_C2,1732,7.45760928971561,3468,8.151622,3.540079,8,MET
,D8_Dox_C1_TGCGGGTGTACAGACG-1,8,-0.053364012,-0.07201527,-0.1057382,3.072418134601,True,True,,MET,D8_Dox_C1,2300,7.74109909003537,4399,8.389359,3.643354,8,MET
,D8_Dox_C1_AACGTTGTCGTTTATC-1,8,-0.1918221,-0.12933852,-0.116625614,1.11351898863323,True,True,,MET,D8_Dox_C1,1596,7.37588214821501,3224,8.078689,3.5083952,8,MET
,D8_Dox_C1_CAGATCAGTCCAGTAT-1,8,-0.016734902,-0.03213418,-0.017784012,3.63726579846486,True,True,,MET,D8_Dox_C1,3782,8.23827262463303,10960,9.302099,4.0398107,8,MET
,D8_Dox_C2_GCAAACTTCTGGTTCC-1,8,-0.0045815683,-0.0205255,-0.1382615,0.936117162828354,True,True,,MEF/other,D8_Dox_C2,1332,7.19518732017871,2774,7.9284062,3.4431067,8,MEF/other
,D8_Dox_C2_TGGACGCTCGCAAACT-1,8,-0.17271724,-0.04496463,-0.15783484,2.06475650065092,True,True,,MET,D8_Dox_C2,1783,7.48661331313995,3233,8.081475,3.5096056,8,MET
,D8_Dox_C2_CAGCTAAGTCCAGTGC-1,8,-0.19749707,-0.13582455,-0.22155224,1.16908560801686,True,True,,MET,D8_Dox_C2,1297,7.16857989726404,2456,7.8066964,3.3902285,8,MET
,D8_Dox_C2_CTTTGCGTCATATCGG-1,8,-0.24630159,-0.11540135,-0.22152042,1.22820911542113,True,True,,MET,D8_Dox_C2,1253,7.13409372119287,2251,7.719574,3.3523755,8,MET
,D8_Dox_C2_GGACATTGTCGGCATC-1,8,-0.34574753,-0.17005387,-0.24713717,1.00690819117245,True,True,,MEF/other,D8_Dox_C2,869,6.76849321164863,1400,7.2449417,3.1461282,8,MEF/other
,D8_Dox_C2_TCACGAACATACGCTA-1,8,-0.28524095,-0.19297002,-0.23664416,1.0034908495957,True,True,,MET,D8_Dox_C2,820,6.71052310945243,1192,7.0842266,3.0762765,8,MET
,D8_Dox_C2_CAGTCCTAGAGAGCTC-1,8,-0.29530498,-0.09899275,-0.12834501,1.6935904679995,True,True,,MET,D8_Dox_C2,1456,7.28413480619521,2890,7.969358,3.460898,8,MET
,D8_Dox_C1_GCTCCTAAGGTGCTTT-1,8,0.009288877,-0.057380706,-0.019465005,3.01257484375206,True,True,Epithelial,Epithelial,D8_Dox_C1,2241,7.71512360363211,4385,8.386173,3.6419697,8,Epithelial
,D8_Dox_C2_TCACAAGCAGTACACT-1,8,-0.19970438,-0.1335351,-0.04031177,2.19091509870804,True,True,,MET,D8_Dox_C2,1949,7.57558465155779,3966,8.285766,3.5983527,8,MET
,D8_Dox_C1_CGACTTCTCCAGAAGG-1,8,-0.017610073,-0.010118943,0.022540925,0.97531443955292,True,True,,MET,D8_Dox_C1,3543,8.17301131172497,8378,9.0334835,3.9231405,8,MET
,D8_Dox_C1_CAGCCGAAGGGATACC-1,8,-0.028655637,-0.050560802,-0.06997838,0.960930698107109,True,True,,MET,D8_Dox_C1,1948,7.57507169950756,4302,8.367067,3.6336706,8,MET
,D8_Dox_C2_CCTACCATCGAACGGA-1,8,-0.27055746,-0.12366146,-0.22836019,1.78340004614773,True,True,,MET,D8_Dox_C2,1512,7.32184971378836,3002,8.007367,3.4774108,8,MET
,D8_Dox_C1_GGAGCAAGTGCATCTA-1,8,-0.24723083,-0.10807591,-0.13415985,3.17996962806445,True,True,,MET,D8_Dox_C1,2547,7.84306401669205,7092,8.866863,3.850769,8,MET
,D8_Dox_C2_TACTCATGTCATGCCG-1,8,-0.024045996,-0.031125607,-0.084279284,0.837569318280436,True,True,,MEF/other,D8_Dox_C2,1700,7.43897159239586,3758,8.231908,3.574957,8,MEF/other
,D8_Dox_C1_GACCAATGTGCTAGCC-1,8,-0.18608154,-0.035758596,-0.2128427,1.01502311051454,True,True,,MEF/other,D8_Dox_C1,943,6.8501261661455,1519,7.3264656,3.181558,8,MEF/other
,D8_Dox_C2_CACACTCGTCGAGTTT-1,8,-0.3039256,-0.16265766,-0.1806063,1.16838827106032,True,True,,MET,D8_Dox_C2,1346,7.20563517641036,2778,7.9298463,3.4437323,8,MET
,D8_Dox_C1_ACGTCAAGTAAACCTC-1,8,-0.06708341,-0.10902377,-0.074695416,2.15461689544384,True,True,,MET,D8_Dox_C1,1806,7.49942329059223,3388,8.12829,3.5299435,8,MET
,D8_Dox_C2_ATTGGTGCATATGAGA-1,8,-0.24231598,-0.15040971,-0.09651823,1.54315329638591,True,True,,MET,D8_Dox_C2,1757,7.47193207824512,3953,8.282483,3.596927,8,MET
,D8_Dox_C1_CACAGGCCAGGGTATG-1,8,-0.11976902,-0.054169416,-0.22980314,1.00354170928116,True,True,,MEF/other,D8_Dox_C1,995,6.9037472575846,1703,7.440734,3.2312148,8,MEF/other
,D8_Dox_C1_TACCTTAGTTTCCACC-1,8,-0.07369815,-0.029476805,-0.09252512,0.963894010956971,True,True,,MEF/other,D8_Dox_C1,1345,7.20489251020467,2506,7.8268423,3.398981,8,MEF/other
,D8_Dox_C1_AAGGAGCCATACGCCG-1,8,-0.22582364,-0.13030683,-0.19081731,1.42447952237257,True,True,,MET,D8_Dox_C1,1785,7.48773376143644,3481,8.155362,3.5417042,8,MET
,D8_Dox_C2_CCCATACGTTGTCTTT-1,8,-0.06155179,-0.08893062,-0.1322363,0.980649932758553,True,True,,MEF/other,D8_Dox_C2,1063,6.96979066990159,1818,7.506042,3.259594,8,MEF/other
,D8_Dox_C1_CGATGGCAGCCAGAAC-1,8,-0.037659932,-0.016488336,-0.02375215,2.12783916431071,True,True,,MET,D8_Dox_C1,3940,8.279189777195,10373,9.247058,4.0159044,8,MET
,D8_Dox_C1_GTATCTTTCCTAGTGA-1,8,-0.22986157,-0.13321112,-0.16530079,1.36661897698462,True,True,,MET,D8_Dox_C1,1427,7.26403014289953,2434,7.797702,3.3863206,8,MET
,D8_Dox_C2_TGCTGCTAGTTAACGA-1,8,-0.26668963,-0.13935862,-0.12555848,2.36598277976263,True,True,,MET,D8_Dox_C2,1344,7.20414929203594,2403,7.784889,3.380754,8,MET
,D8_Dox_C2_GGCTCGAGTAGCAAAT-1,8,-0.31926405,-0.12209231,-0.14712907,1.01137928602932,True,True,,MEF/other,D8_Dox_C2,986,6.89467003943348,1671,7.421776,3.2229767,8,MEF/other
,D8_Dox_C2_CAGTCCTTCGTGGTCG-1,8,-0.28611878,-0.07130195,-0.08004725,2.89130852927678,True,True,,MET,D8_Dox_C2,2143,7.67042852219069,5389,8.5923,3.7315083,8,MET
,D8_Dox_C2_CTGCCTACAGTCGTGC-1,8,-0.18135919,-0.05954603,-0.22590855,0.964808112992663,True,True,,MEF/other,D8_Dox_C2,1255,7.13568734702814,2182,7.6884556,3.3388548,8,MEF/other
,D8_Dox_C2_CTTAGGACAAACTGTC-1,8,-0.24226798,-0.13837647,-0.24326542,1.02730149314355,True,True,,MET,D8_Dox_C2,871,6.77078942390898,1361,7.2167096,3.1338584,8,MET
,D8_Dox_C2_GATCTAGGTTTAGCTG-1,8,-0.2413121,-0.17012367,-0.116564095,2.83208875439551,True,True,,MET,D8_Dox_C2,1134,7.0343879299155,1927,7.5642385,3.2848818,8,MET
,D8_Dox_C2_ACATCAGAGGCCCTCA-1,8,-0.048413116,-0.12407763,-0.071761124,0.993090757133593,True,True,,MEF/other,D8_Dox_C2,1057,6.96413561241825,1876,7.5374303,3.273233,8,MEF/other
,D8_Dox_C1_TTGCGTCTCATGCATG-1,8,-0.18188044,-0.113101214,-0.08622716,1.61717304946036,True,True,,MET,D8_Dox_C1,1940,7.57095858316901,3861,8.258941,3.5867,8,MET
,D8_Dox_C1_CAACTAGAGCGTTCCG-1,8,-0.22032125,-0.1726188,-0.18127008,1.0801475387731,True,True,,MET,D8_Dox_C1,1482,7.30182234213793,3073,8.030735,3.4875627,8,MET
,D8_Dox_C2_CCTTACGAGCGCTCCA-1,8,-0.21801193,-0.0687661,-0.072441205,2.31267278973061,True,True,,MET,D8_Dox_C2,1396,7.24208235925696,2307,7.744137,3.3630478,8,MET
,D8_Dox_C2_TATCTCATCGGAGGTA-1,8,-0.17693602,-0.04943058,-0.07871542,1.00212270790881,True,True,,MEF/other,D8_Dox_C2,1305,7.17472430983638,2762,7.9240723,3.4412239,8,MEF/other
,D8_Dox_C1_TCCACACGTGAAATCA-1,8,-0.09932845,-0.075504795,-0.049947627,1.00900931849757,True,True,,MEF/other,D8_Dox_C1,1604,7.38087903556412,3598,8.188412,3.5560613,8,MEF/other
,D8_Dox_C2_GTGTTAGAGCCATCGC-1,8,-0.23105665,-0.1355207,-0.16083619,1.24505306922085,True,True,,MET,D8_Dox_C2,1728,7.45529848568329,3685,8.212297,3.5664375,8,MET
,D8_Dox_C2_AACTCTTGTGTGAAAT-1,8,-0.08580557,-0.0814973,-0.10594558,1.43176694573906,True,True,,MET,D8_Dox_C2,2076,7.63867982387611,3771,8.235361,3.5764565,8,MET
,D8_Dox_C2_GAGGTGATCTCGCATC-1,8,-0.207056,-0.12916037,-0.1694972,1.353162257038,True,True,,MET,D8_Dox_C2,1329,7.1929342212158,2483,7.8176255,3.3949769,8,MET
,D8_Dox_C1_CATTATCCATGACGGA-1,8,-0.19168907,-0.14096427,-0.14341962,2.57796443290304,True,True,,MET,D8_Dox_C1,1639,7.40245152081824,3055,8.024862,3.4850113,8,MET
,D8_Dox_C2_CGAGAAGTCGCCTGTT-1,8,-0.22308043,-0.18850927,-0.21911378,1.71526298988073,True,True,,MET,D8_Dox_C2,1164,7.0604763659998,1787,7.488853,3.2521248,8,MET
,D8_Dox_C1_TTAACTCAGAAACCTA-1,8,-0.105555624,-0.04485777,-0.10468834,3.24475641427105,True,True,,MET,D8_Dox_C1,2408,7.78696700261487,4948,8.506941,3.6944296,8,MET
,D8_Dox_C2_CTCAGAAGTAGCGCTC-1,8,-0.1728347,-0.10238652,-0.06934714,1.41866680221891,True,True,,MET,D8_Dox_C2,2290,7.7367436824535,5460,8.605388,3.7371926,8,MET
,D8_Dox_C1_CTCGGGAGTGCAGGTA-1,8,-0.37535018,-0.16216585,-0.2083318,1.01709758026042,True,True,,MEF/other,D8_Dox_C1,927,6.8330317327862,1594,7.374629,3.2024884,8,MEF/other
,D8_Dox_C2_CTCTACGGTCTCCCTA-1,8,0.086906575,-0.0638456,-0.051865455,0.985825284431457,True,True,Stromal,Stromal,D8_Dox_C2,1256,7.13648320859025,2296,7.7393594,3.360972,8,Stromal
,D8_Dox_C1_TGGCCAGTCACATACG-1,8,-0.19679524,-0.15062322,-0.13121225,1.0018719720299,True,True,,MEF/other,D8_Dox_C1,1014,6.92264389147589,1591,7.3727465,3.2016704,8,MEF/other
,D8_Dox_C1_GCACTCTCAAACCTAC-1,8,-0.19606447,-0.061209105,-0.12406033,0.973273474019544,True,True,,MEF/other,D8_Dox_C1,1186,7.07918439460967,2018,7.6103578,3.3049214,8,MEF/other
,D8_Dox_C1_TTAGGACTCAACACAC-1,8,0.1381855,0.004700133,0.031806815,3.43589876040556,True,True,,MET,D8_Dox_C1,2642,7.87966991460429,6648,8.802221,3.8226912,8,MET
,D8_Dox_C2_CGTAGCGCAGTAAGAT-1,8,-0.12743202,-0.042191204,-0.11699847,0.98944724281933,True,True,,MEF/other,D8_Dox_C2,1355,7.21229446850034,2623,7.872455,3.4187984,8,MEF/other
,D8_Dox_C2_TGCACCTTCACATACG-1,8,-0.28311947,-0.20185526,-0.18820344,1.01436183797889,True,True,,MEF/other,D8_Dox_C2,1069,6.97541392745595,1903,7.551712,3.279439,8,MEF/other
,D8_Dox_C1_GCTTGAAGTGACAAAT-1,8,-0.21280368,-0.06480315,-0.18180712,1.01535722923871,True,True,,MEF/other,D8_Dox_C1,1166,7.06219163228656,2090,7.6453977,3.3201463,8,MEF/other
,D8_Dox_C2_TTAGGACAGTGGGATC-1,8,-0.19366358,-0.17049009,-0.12206179,0.959414786156881,True,True,,MET,D8_Dox_C2,1982,7.5923661285198,4267,8.358901,3.6301227,8,MET
,D8_Dox_C2_GCAGCCACAGAAGCAC-1,8,0.053425115,-0.04814776,-0.002570315,0.382792100013718,True,True,,MEF/other,D8_Dox_C2,2703,7.90248743716285,7637,8.940891,3.882923,8,MEF/other
,D8_Dox_C1_GTACTCCCACTTAACG-1,8,-0.3187685,-0.12410055,-0.13955505,1.06082105951769,True,True,,MET,D8_Dox_C1,1106,7.00940893270864,2115,7.657283,3.3253105,8,MET
,D8_Dox_C1_ACTGATGAGTGCCATT-1,8,-0.08646418,-0.08379465,-0.09648302,0.789397233291328,True,True,,MEF/other,D8_Dox_C1,1258,7.13807303404435,2307,7.744137,3.3630478,8,MEF/other
,D8_Dox_C2_CACATAGTCTTGCATT-1,8,-0.27018392,-0.18016595,-0.13797459,2.07503709348268,True,True,,MET,D8_Dox_C2,1177,7.07157336421153,2269,7.7275352,3.3558347,8,MET
,D8_Dox_C1_GGCTGGTGTCGCCATG-1,8,-0.22737657,-0.12887213,-0.1986032,2.86508684774991,True,True,,MET,D8_Dox_C1,2093,7.64683139143048,4782,8.472823,3.6796095,8,MET
,D8_Dox_C2_ATCGAGTCACAAGCCC-1,8,-0.20454688,-0.16412076,-0.1853638,1.00478208143042,True,True,,MET,D8_Dox_C2,858,6.75576892198426,1315,7.182352,3.118926,8,MET
,D8_Dox_C1_TGGTTCCAGGAATCGC-1,8,-0.086005524,-0.08314448,-0.10545432,3.69565179110088,True,True,,MET,D8_Dox_C1,2447,7.80302664363222,6648,8.802221,3.8226912,8,MET
,D8_Dox_C2_CCGTGGAAGATCGGGT-1,8,-0.12075923,-0.054984108,-0.051848534,0.977458693273656,True,True,,MEF/other,D8_Dox_C2,1585,7.36897040219479,3645,8.2013855,3.5616975,8,MEF/other
,D8_Dox_C1_ATTGGTGAGTGGTCCC-1,8,-0.18392295,-0.08207807,-0.10894299,0.985473619447845,True,True,,MET,D8_Dox_C1,1351,7.20934025660291,2508,7.8276396,3.3993278,8,MET
,D8_Dox_C1_CGCTTCAGTCACACGC-1,8,-0.28237405,-0.12292374,-0.068545945,2.08184196401191,True,True,,MET,D8_Dox_C1,1962,7.58222919427646,4672,8.449556,3.669503,8,MET
,D8_Dox_C1_GCGAGAATCCTTCAAT-1,8,-0.22003876,-0.08975753,-0.19838047,1.26849157986531,True,True,,MET,D8_Dox_C1,1383,7.23273313617761,2658,7.8857055,3.424555,8,MET
,D8_Dox_C2_CATCAGACATAGACTC-1,8,-0.1654253,0.004306173,-0.10493706,1.09898734120629,True,True,,MET,D8_Dox_C2,2467,7.81116338502528,5449,8.603371,3.736317,8,MET
,D8_Dox_C2_CAGATCACATCTGGTA-1,8,-0.11837327,-0.14258578,-0.115522556,0.955391064129935,True,True,,MEF/other,D8_Dox_C2,1173,7.06817200038804,2206,7.6993895,3.3436058,8,MEF/other
,D8_Dox_C2_GCGCAGTAGTACGCCC-1,8,-0.12791193,-0.09733978,-0.05719512,1.96303304883724,True,True,,MET,D8_Dox_C2,1979,7.59085212368858,4718,8.4593525,3.673758,8,MET
,D8_Dox_C1_GCGCCAATCTTTAGGG-1,8,-0.1970785,-0.09313191,-0.1631827,1.00205626368203,True,True,,MEF/other,D8_Dox_C1,818,6.70808408385307,1203,7.093405,3.0802658,8,MEF/other
,D8_Dox_C2_TCAGGATAGTGGACGT-1,8,-0.22865021,-0.11506933,-0.13023226,1.02461281313565,True,True,,MET,D8_Dox_C2,1321,7.18690102041163,2612,7.868254,3.4169734,8,MET
,D8_Dox_C2_TCGAGGCAGTACGCGA-1,8,-0.27214792,-0.09993361,-0.13996638,0.980456860427175,True,True,,MET,D8_Dox_C2,1160,7.05703698169789,2100,7.650169,3.3222194,8,MET
,D8_Dox_C1_GATCAGTTCCTGTAGA-1,8,-0.30596635,-0.23715886,-0.1679451,1.90654611479816,True,True,,MET,D8_Dox_C1,860,6.75809450442773,1286,7.1600695,3.1092412,8,MET
,D8_Dox_C1_AGGCCACCATGTTGAC-1,8,-0.18002918,-0.08361072,-0.09447274,3.86287667248467,True,True,,MET,D8_Dox_C1,1853,7.5251007461258,3321,8.108322,3.5212688,8,MET
,D8_Dox_C2_CATATTCTCACCTCGT-1,8,-0.29824695,-0.2245758,-0.21250589,1.1514097491806,True,True,,MET,D8_Dox_C2,1071,6.97728134163075,1839,7.517521,3.264582,8,MET
,D8_Dox_C1_AAGGCAGGTATAGGGC-1,8,-0.2047434,-0.13757482,-0.16322944,1.07864232484049,True,True,,MEF/other,D8_Dox_C1,1050,6.95749737087695,1766,7.4770384,3.246991,8,MEF/other
,D8_Dox_C2_GCACTCTGTTCATGGT-1,8,-0.22024521,-0.19036327,-0.14974867,1.50449738768169,True,True,,MET,D8_Dox_C2,1360,7.21597500265147,2591,7.860185,3.4134676,8,MET
,D8_Dox_C1_GTGCAGCGTACCCAAT-1,8,0.064373195,0.017863212,-0.09015113,1.01312124110945,True,True,,MEF/other,D8_Dox_C1,2020,7.61134771740362,3684,8.212026,3.5663197,8,MEF/other
,D8_Dox_C2_ACGGAGATCACCAGGC-1,8,-0.4383209,-0.22766928,-0.2700348,1.08466361998187,True,True,,MET,D8_Dox_C2,560,6.3297209055227,1051,6.9584484,3.0216029,8,MET
,D8_Dox_C1_ACGGGCTCAAATACAG-1,8,-0.3002965,-0.20138615,-0.16089354,1.24465863069287,True,True,,MET,D8_Dox_C1,906,6.81014245011514,1370,7.2232957,3.1367207,8,MET
,D8_Dox_C2_GTATTCTGTGGGTATG-1,8,-0.2947993,-0.12658226,-0.16066153,1.02599147925989,True,True,,MEF/other,D8_Dox_C2,1131,7.03174125876313,2058,7.629976,3.3134456,8,MEF/other
