,Eef1a1,Ftl1,Tmsb4x,S100a6,Gm8730,Fau,Ppia,Eef1b2,Tpt1,Hsp90ab1,Gnb2l1,Npm1,Ptma,Mif,H2afz,Ccnd2,Gapdh,Naca,Tmsb10,Actb,Cox7c,Serbp1,Cox8a,Eef1g,Oaz1
D8_Dox_C1_TACTTGTAGAGGGATA-1,17.0,35.0,29.0,4.0,27.0,16.0,12.0,17.0,7.0,9.0,10.0,8.0,20.0,19.0,17.0,2.0,4.0,9.0,15.0,9.0,9.0,10.0,14.0,6.0,13.0
D8_Dox_C1_ACCAGTATCTCAAGTG-1,39.0,28.0,17.0,10.0,14.0,28.0,12.0,24.0,13.0,13.0,17.0,10.0,2.0,13.0,1.0,11.0,8.0,11.0,8.0,8.0,10.0,8.0,11.0,6.0,5.0
D8_Dox_C2_TTGGCAATCCTAGTGA-1,41.0,43.0,6.0,5.0,17.0,19.0,12.0,14.0,12.0,10.0,13.0,9.0,6.0,11.0,5.0,4.0,13.0,16.0,5.0,1.0,11.0,3.0,9.0,9.0,6.0
D8_Dox_C2_GCGGGTTTCGACCAGC-1,101.0,76.0,99.0,54.0,35.0,50.0,39.0,36.0,41.0,23.0,15.0,22.0,9.0,22.0,6.0,50.0,16.0,18.0,13.0,7.0,16.0,10.0,20.0,7.0,8.0
D8_Dox_C2_GGGTTGCGTCGCGGTT-1,48.0,26.0,19.0,30.0,16.0,20.0,7.0,19.0,11.0,13.0,11.0,8.0,16.0,11.0,8.0,1.0,12.0,8.0,20.0,5.0,6.0,7.0,7.0,15.0,3.0
D8_Dox_C2_CAGCATATCTGTGCAA-1,24.0,22.0,1.0,4.0,25.0,15.0,11.0,19.0,15.0,10.0,12.0,11.0,5.0,17.0,3.0,1.0,4.0,3.0,1.0,3.0,2.0,2.0,6.0,9.0,2.0
D8_Dox_C1_CCGTACTTCCTAGGGC-1,64.0,54.0,162.0,61.0,38.0,42.0,36.0,19.0,21.0,32.0,17.0,21.0,7.0,14.0,25.0,49.0,18.0,23.0,29.0,36.0,15.0,22.0,14.0,18.0,16.0
D8_Dox_C1_GATCGATGTCCCTACT-1,43.0,17.0,8.0,15.0,13.0,28.0,32.0,13.0,19.0,18.0,17.0,23.0,16.0,15.0,17.0,29.0,16.0,12.0,10.0,26.0,13.0,13.0,6.0,11.0,6.0
D8_Dox_C1_CTGTGCTCAATCCGAT-1,49.0,38.0,8.0,12.0,27.0,36.0,18.0,18.0,19.0,15.0,15.0,15.0,3.0,13.0,3.0,14.0,9.0,16.0,3.0,5.0,7.0,3.0,8.0,6.0,3.0
D8_Dox_C2_TCCCGATGTTCGCGAC-1,22.0,16.0,15.0,11.0,6.0,12.0,5.0,7.0,9.0,8.0,7.0,7.0,4.0,12.0,12.0,1.0,3.0,7.0,7.0,3.0,0.0,4.0,6.0,5.0,4.0
D8_Dox_C2_TAGCCGGTCGTAGATC-1,19.0,30.0,19.0,19.0,13.0,19.0,12.0,9.0,17.0,16.0,8.0,4.0,3.0,7.0,8.0,6.0,2.0,9.0,6.0,1.0,0.0,1.0,7.0,7.0,2.0
D8_Dox_C2_CATCAAGAGACCACGA-1,48.0,51.0,60.0,11.0,11.0,10.0,12.0,14.0,27.0,14.0,11.0,2.0,6.0,0.0,3.0,3.0,3.0,9.0,6.0,4.0,4.0,2.0,8.0,5.0,6.0
D8_Dox_C2_CAACCAAGTCACACGC-1,27.0,22.0,30.0,16.0,20.0,11.0,6.0,12.0,19.0,8.0,8.0,6.0,8.0,5.0,6.0,7.0,2.0,8.0,8.0,2.0,1.0,3.0,4.0,5.0,2.0
D8_Dox_C1_TCGGTAACAATCCAAC-1,31.0,27.0,26.0,5.0,12.0,22.0,18.0,8.0,15.0,11.0,16.0,13.0,14.0,12.0,15.0,4.0,10.0,7.0,4.0,7.0,16.0,14.0,14.0,17.0,9.0
D8_Dox_C2_CTCGAAAAGAGCAATT-1,51.0,45.0,52.0,21.0,21.0,29.0,19.0,37.0,18.0,17.0,18.0,13.0,8.0,17.0,7.0,12.0,12.0,10.0,8.0,10.0,7.0,1.0,6.0,10.0,3.0
D8_Dox_C2_AAGCCGCAGCGCTTAT-1,12.0,12.0,8.0,5.0,15.0,16.0,16.0,12.0,6.0,13.0,7.0,17.0,6.0,10.0,16.0,3.0,6.0,2.0,4.0,1.0,6.0,8.0,7.0,3.0,6.0
D8_Dox_C2_ACTGAGTTCCATTCTA-1,46.0,36.0,26.0,18.0,47.0,29.0,24.0,20.0,33.0,26.0,17.0,20.0,24.0,14.0,22.0,3.0,11.0,14.0,15.0,4.0,10.0,12.0,21.0,12.0,13.0
D8_Dox_C2_CGGACGTCAAGTAGTA-1,39.0,44.0,100.0,26.0,16.0,21.0,16.0,20.0,29.0,10.0,13.0,8.0,4.0,16.0,4.0,7.0,17.0,15.0,9.0,8.0,10.0,3.0,4.0,3.0,7.0
D8_Dox_C2_GTCAAGTCAGTATGCT-1,31.0,20.0,8.0,5.0,27.0,31.0,12.0,25.0,11.0,10.0,14.0,14.0,4.0,14.0,1.0,4.0,19.0,8.0,0.0,12.0,6.0,3.0,4.0,13.0,3.0
D8_Dox_C2_GGGAATGGTTCAGGCC-1,73.0,65.0,14.0,29.0,32.0,32.0,35.0,40.0,28.0,29.0,29.0,22.0,28.0,18.0,7.0,24.0,19.0,25.0,14.0,19.0,18.0,5.0,11.0,20.0,7.0
D8_Dox_C1_TTTGCGCGTCGCTTTC-1,23.0,46.0,31.0,35.0,16.0,35.0,33.0,29.0,21.0,36.0,23.0,30.0,26.0,46.0,25.0,6.0,16.0,21.0,24.0,10.0,18.0,16.0,13.0,10.0,21.0
D8_Dox_C2_CGATCGGCACTTAAGC-1,40.0,27.0,17.0,32.0,23.0,14.0,19.0,17.0,8.0,17.0,10.0,9.0,8.0,11.0,9.0,4.0,7.0,12.0,4.0,10.0,1.0,6.0,6.0,5.0,4.0
D8_Dox_C2_AAGGAGCAGGGATGGG-1,10.0,28.0,12.0,3.0,8.0,7.0,6.0,22.0,8.0,10.0,10.0,9.0,19.0,10.0,20.0,1.0,6.0,8.0,11.0,3.0,9.0,7.0,9.0,5.0,6.0
D8_Dox_C2_GGGAGATGTAGCTCCG-1,23.0,28.0,12.0,7.0,21.0,9.0,7.0,14.0,12.0,9.0,8.0,14.0,24.0,4.0,19.0,2.0,3.0,10.0,15.0,3.0,13.0,8.0,8.0,9.0,10.0
D8_Dox_C2_GTCAAGTGTATATGAG-1,62.0,33.0,23.0,33.0,38.0,29.0,38.0,28.0,36.0,21.0,28.0,29.0,28.0,18.0,20.0,6.0,32.0,25.0,30.0,18.0,7.0,17.0,17.0,18.0,17.0
D8_Dox_C1_CTCTGGTCAGGGCATA-1,26.0,24.0,19.0,1.0,16.0,13.0,16.0,16.0,8.0,11.0,12.0,13.0,10.0,8.0,9.0,3.0,5.0,4.0,9.0,2.0,5.0,12.0,4.0,6.0,8.0
D8_Dox_C2_CTGAAACGTAGCGTCC-1,33.0,44.0,45.0,14.0,26.0,20.0,26.0,16.0,13.0,25.0,17.0,12.0,24.0,11.0,24.0,1.0,7.0,11.0,15.0,4.0,6.0,9.0,9.0,13.0,9.0
D8_Dox_C2_CGTGAGCGTTGGACCC-1,41.0,34.0,11.0,14.0,23.0,7.0,10.0,15.0,19.0,12.0,16.0,14.0,34.0,10.0,10.0,3.0,6.0,9.0,13.0,6.0,9.0,11.0,12.0,9.0,13.0
D8_Dox_C1_CGTTCTGCATTTCAGG-1,37.0,44.0,26.0,4.0,22.0,23.0,21.0,20.0,21.0,27.0,18.0,18.0,28.0,15.0,21.0,5.0,10.0,8.0,7.0,6.0,8.0,15.0,15.0,8.0,9.0
D8_Dox_C1_ACTGAACAGCCCAATT-1,55.0,20.0,40.0,4.0,22.0,22.0,23.0,14.0,22.0,20.0,19.0,18.0,25.0,16.0,15.0,7.0,8.0,9.0,6.0,13.0,7.0,10.0,12.0,7.0,7.0
D8_Dox_C2_AATCGGTTCCCTAACC-1,47.0,68.0,37.0,13.0,29.0,31.0,24.0,34.0,28.0,35.0,27.0,35.0,32.0,24.0,26.0,5.0,22.0,18.0,10.0,5.0,6.0,23.0,12.0,15.0,18.0
D8_Dox_C1_TACTCGCGTGCCTTGG-1,29.0,39.0,30.0,50.0,15.0,29.0,46.0,23.0,24.0,36.0,21.0,21.0,16.0,21.0,29.0,13.0,15.0,10.0,8.0,17.0,15.0,10.0,10.0,10.0,13.0
D8_Dox_C2_CGCTTCAGTTATTCTC-1,36.0,106.0,78.0,8.0,64.0,24.0,18.0,24.0,35.0,29.0,31.0,32.0,57.0,18.0,35.0,1.0,22.0,20.0,41.0,10.0,10.0,30.0,18.0,15.0,22.0
D8_Dox_C1_GCACTCTAGTGTACTC-1,40.0,42.0,21.0,81.0,26.0,28.0,24.0,13.0,25.0,13.0,12.0,9.0,7.0,22.0,11.0,20.0,8.0,13.0,14.0,17.0,12.0,6.0,6.0,6.0,24.0
D8_Dox_C2_TGGCGCACAGGCTCAC-1,52.0,39.0,15.0,7.0,34.0,22.0,30.0,28.0,26.0,18.0,26.0,26.0,21.0,39.0,8.0,2.0,35.0,17.0,5.0,16.0,16.0,7.0,14.0,13.0,13.0
D8_Dox_C2_GGGCACTCAGCTGGCT-1,43.0,25.0,13.0,53.0,21.0,24.0,23.0,12.0,21.0,11.0,17.0,18.0,9.0,18.0,7.0,7.0,15.0,14.0,8.0,7.0,7.0,7.0,7.0,7.0,4.0
D8_Dox_C1_CTTACCGCAGCTCGCA-1,47.0,59.0,22.0,11.0,19.0,31.0,11.0,22.0,14.0,18.0,17.0,8.0,7.0,9.0,1.0,18.0,6.0,10.0,3.0,5.0,4.0,4.0,5.0,8.0,10.0
D8_Dox_C2_ATGTGTGTCAGTGCAT-1,18.0,44.0,21.0,35.0,14.0,16.0,31.0,15.0,9.0,15.0,8.0,13.0,17.0,14.0,18.0,0.0,13.0,9.0,6.0,7.0,2.0,6.0,7.0,6.0,2.0
D8_Dox_C1_CCTATTACACAGTCGC-1,50.0,87.0,29.0,75.0,28.0,34.0,34.0,21.0,13.0,22.0,21.0,21.0,14.0,23.0,5.0,109.0,8.0,18.0,4.0,33.0,17.0,26.0,14.0,5.0,5.0
D8_Dox_C1_CTTTGCGCATGGTCAT-1,43.0,22.0,17.0,8.0,19.0,24.0,19.0,14.0,17.0,12.0,20.0,21.0,5.0,11.0,9.0,8.0,7.0,9.0,5.0,5.0,8.0,8.0,6.0,13.0,3.0
D8_Dox_C2_GAGCAGAAGTGCTGCC-1,86.0,52.0,56.0,15.0,21.0,23.0,26.0,16.0,21.0,20.0,15.0,11.0,9.0,15.0,9.0,21.0,9.0,14.0,13.0,12.0,11.0,5.0,11.0,4.0,11.0
D8_Dox_C1_CATCAGATCAGGTTCA-1,39.0,22.0,52.0,15.0,23.0,24.0,23.0,27.0,13.0,7.0,15.0,9.0,21.0,19.0,24.0,4.0,11.0,4.0,11.0,4.0,5.0,7.0,10.0,3.0,10.0
D8_Dox_C1_GAGGTGAAGGGTGTTG-1,34.0,34.0,13.0,13.0,16.0,26.0,20.0,12.0,17.0,11.0,11.0,7.0,16.0,21.0,22.0,5.0,14.0,15.0,16.0,5.0,9.0,8.0,10.0,4.0,8.0
D8_Dox_C2_GGGTTGCCACCAGTTA-1,18.0,33.0,24.0,32.0,16.0,11.0,12.0,10.0,12.0,11.0,4.0,9.0,15.0,10.0,16.0,4.0,9.0,5.0,5.0,4.0,8.0,7.0,7.0,9.0,5.0
D8_Dox_C2_GCTTCCACATTCACTT-1,50.0,31.0,30.0,3.0,21.0,28.0,27.0,16.0,17.0,16.0,14.0,17.0,9.0,13.0,7.0,18.0,13.0,11.0,11.0,4.0,8.0,8.0,10.0,14.0,7.0
D8_Dox_C2_GTAACGTTCACCGTAA-1,27.0,24.0,23.0,15.0,24.0,14.0,14.0,21.0,16.0,18.0,17.0,10.0,16.0,13.0,13.0,11.0,8.0,10.0,7.0,7.0,7.0,4.0,11.0,8.0,12.0
D8_Dox_C2_TCTTTCCTCCGTCATC-1,18.0,16.0,12.0,1.0,8.0,10.0,15.0,10.0,9.0,14.0,7.0,11.0,11.0,7.0,10.0,0.0,4.0,3.0,3.0,3.0,4.0,11.0,3.0,6.0,5.0
D8_Dox_C2_GTACGTAGTGACTACT-1,80.0,58.0,75.0,143.0,34.0,29.0,73.0,30.0,28.0,48.0,23.0,29.0,45.0,18.0,80.0,45.0,15.0,28.0,12.0,47.0,15.0,19.0,16.0,30.0,14.0
D8_Dox_C2_CATTATCGTGCATCTA-1,43.0,15.0,14.0,14.0,21.0,17.0,25.0,28.0,30.0,19.0,15.0,31.0,38.0,12.0,12.0,4.0,12.0,12.0,11.0,4.0,9.0,13.0,7.0,13.0,7.0
D8_Dox_C1_TGCCAAAAGACTGTAA-1,38.0,12.0,42.0,17.0,20.0,23.0,14.0,12.0,12.0,6.0,13.0,9.0,8.0,6.0,3.0,15.0,7.0,12.0,6.0,5.0,8.0,5.0,6.0,4.0,5.0
D8_Dox_C2_GGAATAATCTTGCCGT-1,31.0,31.0,23.0,39.0,12.0,10.0,8.0,6.0,14.0,4.0,12.0,16.0,6.0,4.0,3.0,22.0,7.0,4.0,2.0,3.0,4.0,3.0,3.0,4.0,8.0
D8_Dox_C1_CAGATCAGTGTCCTCT-1,57.0,70.0,42.0,28.0,18.0,26.0,23.0,32.0,21.0,16.0,17.0,16.0,13.0,12.0,25.0,21.0,10.0,12.0,6.0,15.0,12.0,13.0,16.0,11.0,9.0
D8_Dox_C2_ACACCAACACGGTAAG-1,36.0,34.0,29.0,9.0,35.0,30.0,32.0,34.0,23.0,35.0,19.0,23.0,69.0,23.0,32.0,3.0,29.0,29.0,8.0,9.0,13.0,8.0,16.0,8.0,12.0
D8_Dox_C1_ATCTACTTCTGACCTC-1,10.0,55.0,14.0,3.0,17.0,8.0,4.0,8.0,5.0,14.0,8.0,11.0,17.0,2.0,9.0,1.0,6.0,6.0,5.0,16.0,1.0,6.0,4.0,7.0,6.0
D8_Dox_C2_CCGTTCAAGAGTCGGT-1,35.0,24.0,10.0,12.0,17.0,14.0,8.0,9.0,15.0,5.0,14.0,7.0,7.0,13.0,6.0,3.0,6.0,2.0,9.0,4.0,7.0,3.0,5.0,8.0,7.0
D8_Dox_C1_CAGCAGCGTCCGTTAA-1,54.0,30.0,20.0,33.0,23.0,29.0,16.0,12.0,23.0,26.0,33.0,17.0,12.0,24.0,5.0,20.0,13.0,19.0,5.0,7.0,18.0,9.0,13.0,9.0,7.0
D8_Dox_C1_ACACCCTAGCAATCTC-1,72.0,56.0,95.0,51.0,18.0,41.0,20.0,20.0,34.0,27.0,27.0,23.0,9.0,18.0,3.0,88.0,10.0,17.0,11.0,30.0,13.0,22.0,14.0,11.0,11.0
D8_Dox_C1_GAGTCCGCATCCTAGA-1,161.0,226.0,99.0,48.0,101.0,83.0,40.0,67.0,49.0,58.0,48.0,32.0,40.0,39.0,15.0,176.0,31.0,28.0,48.0,74.0,17.0,27.0,18.0,30.0,17.0
D8_Dox_C2_GACCTGGGTTACAGAA-1,27.0,20.0,18.0,3.0,23.0,13.0,5.0,17.0,15.0,9.0,10.0,8.0,14.0,8.0,19.0,3.0,5.0,7.0,5.0,6.0,6.0,8.0,10.0,12.0,8.0
D8_Dox_C2_GCGCAGTAGCTCAACT-1,39.0,102.0,43.0,24.0,22.0,24.0,23.0,5.0,14.0,14.0,16.0,5.0,2.0,9.0,18.0,10.0,14.0,4.0,12.0,3.0,7.0,2.0,13.0,5.0,5.0
D8_Dox_C1_AACTGGTAGGAGTTTA-1,38.0,13.0,51.0,13.0,18.0,14.0,6.0,19.0,8.0,10.0,12.0,3.0,12.0,10.0,8.0,6.0,2.0,7.0,9.0,8.0,8.0,4.0,11.0,3.0,8.0
D8_Dox_C1_GCTCCTACATCAGTAC-1,24.0,7.0,11.0,23.0,11.0,8.0,13.0,7.0,7.0,10.0,13.0,4.0,13.0,11.0,6.0,3.0,5.0,3.0,3.0,9.0,4.0,4.0,5.0,4.0,5.0
D8_Dox_C2_AGCGTATAGAAGGTGA-1,23.0,38.0,28.0,0.0,21.0,15.0,10.0,14.0,16.0,4.0,14.0,5.0,20.0,10.0,20.0,1.0,13.0,10.0,6.0,4.0,6.0,9.0,9.0,6.0,8.0
D8_Dox_C2_CGCGTTTCAGGCTCAC-1,34.0,34.0,16.0,9.0,19.0,17.0,24.0,10.0,24.0,26.0,14.0,17.0,11.0,10.0,16.0,8.0,11.0,14.0,5.0,5.0,4.0,4.0,9.0,5.0,4.0
D8_Dox_C2_GGACATTAGGAATGGA-1,28.0,71.0,18.0,12.0,22.0,16.0,16.0,21.0,14.0,18.0,11.0,12.0,6.0,11.0,3.0,28.0,8.0,8.0,9.0,8.0,7.0,2.0,3.0,7.0,5.0
D8_Dox_C1_GTTACAGCATGACGGA-1,61.0,34.0,40.0,52.0,37.0,30.0,70.0,24.0,24.0,39.0,27.0,23.0,23.0,30.0,34.0,4.0,25.0,14.0,22.0,8.0,19.0,25.0,21.0,13.0,15.0
D8_Dox_C2_GGCGACTCATTAGGCT-1,35.0,41.0,17.0,11.0,8.0,10.0,14.0,19.0,15.0,7.0,6.0,9.0,3.0,6.0,3.0,13.0,3.0,10.0,3.0,2.0,10.0,10.0,6.0,4.0,4.0
D8_Dox_C2_CTGATCCCAGAAGCAC-1,27.0,42.0,24.0,21.0,18.0,12.0,37.0,27.0,27.0,16.0,10.0,6.0,13.0,14.0,9.0,20.0,6.0,15.0,5.0,9.0,6.0,3.0,8.0,6.0,11.0
D8_Dox_C2_CGGGTCAGTCCGTCAG-1,32.0,17.0,31.0,9.0,24.0,21.0,18.0,8.0,12.0,7.0,14.0,15.0,5.0,5.0,6.0,8.0,9.0,6.0,2.0,1.0,8.0,1.0,6.0,8.0,7.0
D8_Dox_C1_CATGGCGAGACCTTTG-1,26.0,41.0,79.0,8.0,28.0,21.0,15.0,21.0,21.0,11.0,15.0,12.0,15.0,14.0,30.0,36.0,5.0,9.0,24.0,13.0,10.0,14.0,13.0,4.0,15.0
D8_Dox_C1_CAGGTGCTCAACTCTT-1,28.0,14.0,1.0,6.0,7.0,16.0,15.0,24.0,18.0,15.0,11.0,10.0,5.0,11.0,7.0,4.0,9.0,6.0,2.0,1.0,13.0,9.0,13.0,8.0,7.0
D8_Dox_C1_TTCGGTCTCGTTGACA-1,36.0,32.0,2.0,9.0,22.0,18.0,43.0,22.0,11.0,27.0,21.0,16.0,24.0,22.0,13.0,7.0,12.0,16.0,3.0,8.0,17.0,10.0,7.0,3.0,9.0
D8_Dox_C2_CCAGCGAGTTCGCGAC-1,27.0,36.0,38.0,14.0,13.0,19.0,18.0,21.0,13.0,24.0,12.0,18.0,15.0,4.0,7.0,11.0,12.0,7.0,6.0,43.0,10.0,7.0,6.0,9.0,7.0
D8_Dox_C2_CGTGAGCCATCGACGC-1,49.0,53.0,52.0,66.0,30.0,28.0,18.0,17.0,27.0,4.0,16.0,14.0,15.0,16.0,5.0,3.0,14.0,10.0,19.0,1.0,18.0,3.0,8.0,12.0,9.0
D8_Dox_C1_CATCGGGGTTGTCGCG-1,74.0,83.0,58.0,18.0,36.0,36.0,61.0,39.0,38.0,28.0,31.0,34.0,17.0,21.0,17.0,46.0,26.0,22.0,30.0,31.0,19.0,14.0,26.0,12.0,19.0
D8_Dox_C1_AGTGGGAGTCCATCCT-1,21.0,18.0,18.0,11.0,13.0,23.0,21.0,14.0,7.0,13.0,8.0,11.0,18.0,8.0,7.0,3.0,7.0,8.0,2.0,8.0,8.0,5.0,8.0,8.0,4.0
D8_Dox_C2_CAGCCGACATAGGATA-1,27.0,51.0,18.0,4.0,32.0,10.0,13.0,14.0,10.0,6.0,9.0,14.0,14.0,8.0,21.0,2.0,7.0,6.0,12.0,3.0,7.0,13.0,9.0,10.0,6.0
D8_Dox_C1_CCACTACGTGTTCTTT-1,32.0,43.0,25.0,19.0,16.0,25.0,23.0,18.0,10.0,12.0,11.0,12.0,2.0,16.0,16.0,14.0,14.0,14.0,3.0,7.0,6.0,6.0,8.0,10.0,8.0
D8_Dox_C1_GTGGGTCTCGGAAATA-1,35.0,43.0,106.0,5.0,24.0,21.0,15.0,15.0,18.0,14.0,15.0,10.0,23.0,4.0,13.0,2.0,3.0,5.0,27.0,6.0,11.0,13.0,6.0,5.0,14.0
D8_Dox_C2_CTCGGAGAGATGCCTT-1,127.0,92.0,48.0,44.0,86.0,84.0,90.0,53.0,65.0,51.0,52.0,32.0,29.0,24.0,20.0,38.0,39.0,34.0,37.0,31.0,17.0,26.0,18.0,23.0,17.0
D8_Dox_C2_CCAATCCCATTCCTGC-1,23.0,25.0,28.0,30.0,25.0,18.0,11.0,9.0,11.0,4.0,5.0,9.0,5.0,4.0,8.0,19.0,5.0,7.0,11.0,3.0,4.0,1.0,7.0,10.0,6.0
D8_Dox_C2_GCATGCGGTCCTCCAT-1,30.0,24.0,17.0,4.0,22.0,15.0,7.0,20.0,14.0,9.0,10.0,11.0,1.0,7.0,3.0,12.0,4.0,12.0,5.0,2.0,4.0,4.0,2.0,5.0,9.0
D8_Dox_C2_AGAATAGCAGCCTATA-1,12.0,37.0,30.0,22.0,11.0,8.0,4.0,8.0,5.0,4.0,8.0,3.0,4.0,9.0,2.0,8.0,8.0,5.0,6.0,1.0,7.0,2.0,3.0,4.0,7.0
D8_Dox_C2_TCTCTAACAATCCAAC-1,22.0,50.0,9.0,6.0,10.0,13.0,20.0,5.0,11.0,14.0,14.0,6.0,9.0,6.0,9.0,7.0,9.0,8.0,0.0,4.0,8.0,2.0,8.0,11.0,4.0
D8_Dox_C1_CGCTTCACACCAGCAC-1,49.0,24.0,13.0,24.0,19.0,28.0,15.0,19.0,16.0,18.0,18.0,10.0,18.0,11.0,30.0,1.0,3.0,9.0,8.0,5.0,12.0,10.0,7.0,2.0,10.0
D8_Dox_C1_TCTTCGGCATGCCCGA-1,58.0,55.0,30.0,33.0,44.0,23.0,44.0,20.0,24.0,40.0,15.0,25.0,24.0,14.0,16.0,6.0,17.0,14.0,21.0,11.0,16.0,21.0,18.0,9.0,20.0
D8_Dox_C2_GTAACGTGTAGCCTCG-1,24.0,35.0,12.0,0.0,16.0,18.0,31.0,12.0,8.0,22.0,12.0,18.0,9.0,17.0,6.0,7.0,7.0,10.0,1.0,3.0,8.0,7.0,11.0,10.0,4.0
D8_Dox_C2_TACAGTGGTGAACCTT-1,39.0,27.0,65.0,17.0,26.0,23.0,25.0,17.0,11.0,18.0,17.0,28.0,6.0,9.0,11.0,25.0,15.0,13.0,6.0,6.0,6.0,5.0,5.0,13.0,10.0
D8_Dox_C1_CCTATTACAGGGAGAG-1,35.0,38.0,34.0,20.0,13.0,17.0,28.0,11.0,18.0,13.0,18.0,7.0,5.0,21.0,12.0,9.0,7.0,7.0,20.0,5.0,13.0,7.0,8.0,6.0,5.0
D8_Dox_C1_GCGAGAAAGTGACTCT-1,59.0,65.0,72.0,23.0,22.0,23.0,44.0,28.0,23.0,31.0,18.0,18.0,15.0,7.0,19.0,17.0,9.0,19.0,10.0,14.0,17.0,5.0,11.0,7.0,13.0
D8_Dox_C2_TCCCGATAGAATGTTG-1,43.0,28.0,13.0,6.0,10.0,12.0,16.0,11.0,14.0,12.0,13.0,8.0,7.0,5.0,2.0,6.0,11.0,6.0,7.0,5.0,1.0,5.0,8.0,7.0,3.0
D8_Dox_C1_CAGGTGCTCTCGTTTA-1,33.0,26.0,15.0,16.0,21.0,25.0,22.0,14.0,5.0,26.0,21.0,15.0,36.0,19.0,25.0,2.0,22.0,17.0,18.0,7.0,9.0,12.0,10.0,11.0,7.0
D8_Dox_C1_TGGACGCAGATCCCAT-1,68.0,107.0,71.0,31.0,50.0,39.0,50.0,28.0,28.0,30.0,32.0,27.0,13.0,18.0,12.0,49.0,25.0,15.0,29.0,29.0,27.0,10.0,18.0,16.0,19.0
D8_Dox_C2_TGAAAGATCTGGCGAC-1,35.0,21.0,3.0,11.0,22.0,19.0,18.0,11.0,13.0,16.0,10.0,12.0,9.0,10.0,12.0,2.0,7.0,5.0,3.0,5.0,4.0,3.0,8.0,6.0,10.0
D8_Dox_C2_GCTGCAGCAATGGAAT-1,39.0,37.0,4.0,8.0,30.0,27.0,22.0,31.0,33.0,23.0,19.0,26.0,18.0,6.0,15.0,1.0,23.0,20.0,9.0,1.0,12.0,6.0,19.0,15.0,9.0
D8_Dox_C2_CTACCCACACAGCCCA-1,64.0,108.0,40.0,8.0,38.0,19.0,20.0,16.0,24.0,14.0,29.0,25.0,14.0,23.0,9.0,7.0,7.0,25.0,2.0,11.0,9.0,3.0,10.0,14.0,4.0
D8_Dox_C1_GTGCAGCAGGTGACCA-1,63.0,87.0,126.0,17.0,23.0,39.0,47.0,32.0,27.0,28.0,25.0,22.0,20.0,21.0,42.0,26.0,17.0,20.0,13.0,17.0,18.0,15.0,16.0,14.0,11.0
D8_Dox_C1_AAACCTGCAGCCACCA-1,61.0,74.0,27.0,37.0,21.0,25.0,13.0,11.0,25.0,15.0,21.0,8.0,17.0,6.0,13.0,29.0,6.0,19.0,4.0,10.0,10.0,3.0,9.0,8.0,5.0
D8_Dox_C1_GTTAAGCTCTTCTGGC-1,27.0,66.0,23.0,39.0,14.0,16.0,26.0,9.0,12.0,11.0,12.0,11.0,9.0,24.0,12.0,5.0,7.0,8.0,7.0,3.0,9.0,5.0,13.0,4.0,8.0
D8_Dox_C2_ACATACGCATTGGGCC-1,32.0,44.0,12.0,1.0,31.0,18.0,19.0,22.0,23.0,24.0,14.0,21.0,23.0,13.0,18.0,3.0,15.0,4.0,13.0,1.0,6.0,17.0,16.0,9.0,6.0
D8_Dox_C2_GCTTCCATCAGAGACG-1,81.0,100.0,45.0,33.0,44.0,52.0,29.0,47.0,47.0,39.0,37.0,20.0,30.0,20.0,26.0,23.0,25.0,17.0,27.0,16.0,9.0,19.0,21.0,15.0,16.0
D8_Dox_C2_GATGCTATCGTCTGCT-1,15.0,6.0,8.0,14.0,8.0,5.0,7.0,5.0,8.0,13.0,13.0,11.0,4.0,8.0,1.0,3.0,6.0,4.0,2.0,2.0,3.0,2.0,6.0,5.0,4.0
D8_Dox_C1_GTATCTTAGTCCGGTC-1,11.0,12.0,16.0,5.0,4.0,6.0,2.0,8.0,10.0,6.0,8.0,4.0,11.0,1.0,12.0,4.0,6.0,2.0,4.0,22.0,1.0,7.0,3.0,1.0,2.0
D8_Dox_C2_CCGTACTCAGACACTT-1,37.0,55.0,26.0,16.0,30.0,26.0,23.0,12.0,29.0,25.0,24.0,18.0,36.0,18.0,18.0,4.0,12.0,13.0,13.0,5.0,14.0,14.0,12.0,13.0,10.0
D8_Dox_C1_ATCACGACAGGCAGTA-1,75.0,52.0,22.0,79.0,27.0,48.0,47.0,26.0,29.0,37.0,29.0,22.0,23.0,26.0,23.0,17.0,23.0,22.0,20.0,17.0,16.0,22.0,17.0,12.0,16.0
D8_Dox_C2_ATCATGGAGTACCGGA-1,32.0,60.0,61.0,14.0,33.0,15.0,5.0,22.0,18.0,12.0,9.0,12.0,19.0,9.0,7.0,0.0,4.0,10.0,9.0,3.0,3.0,9.0,4.0,10.0,7.0
D8_Dox_C2_TAGGCATCACGACTCG-1,31.0,44.0,40.0,10.0,22.0,12.0,5.0,7.0,17.0,12.0,15.0,7.0,10.0,12.0,15.0,9.0,12.0,7.0,7.0,4.0,8.0,4.0,1.0,8.0,9.0
D8_Dox_C1_TAAACCGGTCTAGTGT-1,21.0,15.0,29.0,15.0,12.0,19.0,8.0,7.0,14.0,1.0,13.0,1.0,8.0,5.0,4.0,8.0,1.0,4.0,8.0,5.0,5.0,2.0,6.0,6.0,12.0
D8_Dox_C2_GAAGCAGTCCGTAGGC-1,48.0,29.0,10.0,2.0,28.0,26.0,11.0,21.0,21.0,6.0,17.0,9.0,10.0,10.0,13.0,2.0,5.0,12.0,15.0,2.0,2.0,5.0,8.0,5.0,9.0
D8_Dox_C1_CCATGTCCAATGTTGC-1,20.0,17.0,16.0,0.0,8.0,13.0,20.0,11.0,12.0,20.0,14.0,14.0,17.0,12.0,14.0,4.0,15.0,4.0,9.0,23.0,6.0,31.0,7.0,12.0,12.0
D8_Dox_C2_TTGAACGGTACTCTCC-1,43.0,15.0,20.0,8.0,11.0,16.0,13.0,8.0,11.0,12.0,17.0,13.0,4.0,7.0,11.0,7.0,5.0,5.0,7.0,2.0,5.0,4.0,4.0,4.0,5.0
D8_Dox_C1_AGTTGGTCAGATGGCA-1,46.0,39.0,18.0,32.0,18.0,22.0,50.0,34.0,22.0,31.0,24.0,16.0,20.0,17.0,32.0,19.0,16.0,18.0,14.0,13.0,15.0,16.0,14.0,10.0,14.0
D8_Dox_C1_CATGACACACAAGCCC-1,22.0,26.0,17.0,9.0,24.0,12.0,5.0,11.0,14.0,10.0,7.0,9.0,18.0,14.0,5.0,0.0,3.0,4.0,24.0,2.0,6.0,6.0,8.0,5.0,6.0
D8_Dox_C1_CGGCTAGCAAGCGAGT-1,48.0,41.0,42.0,7.0,24.0,20.0,12.0,22.0,10.0,21.0,25.0,10.0,11.0,12.0,4.0,19.0,4.0,7.0,25.0,11.0,10.0,9.0,10.0,12.0,4.0
D8_Dox_C2_GTGCATATCCCAGGTG-1,38.0,20.0,19.0,36.0,21.0,26.0,16.0,14.0,30.0,20.0,20.0,8.0,11.0,5.0,12.0,2.0,19.0,12.0,10.0,3.0,3.0,4.0,4.0,11.0,15.0
D8_Dox_C2_CTAGTGACACAGGAGT-1,13.0,21.0,37.0,13.0,16.0,16.0,9.0,21.0,20.0,3.0,12.0,2.0,13.0,6.0,12.0,4.0,5.0,6.0,10.0,10.0,3.0,7.0,5.0,8.0,7.0
D8_Dox_C2_AGGTCATTCTGCCCTA-1,32.0,23.0,20.0,21.0,21.0,14.0,14.0,16.0,22.0,17.0,14.0,12.0,6.0,10.0,3.0,5.0,15.0,10.0,8.0,2.0,5.0,8.0,6.0,9.0,6.0
D8_Dox_C1_GCGACCAAGTTGAGAT-1,49.0,35.0,1.0,11.0,39.0,25.0,25.0,25.0,33.0,29.0,23.0,26.0,30.0,16.0,32.0,12.0,14.0,11.0,8.0,7.0,16.0,18.0,11.0,11.0,9.0
D8_Dox_C1_CATCAAGAGGACTGGT-1,26.0,48.0,60.0,45.0,14.0,14.0,12.0,7.0,11.0,9.0,10.0,9.0,22.0,12.0,12.0,10.0,4.0,2.0,12.0,2.0,5.0,5.0,6.0,4.0,4.0
D8_Dox_C1_AGATTGCGTGCTGTAT-1,16.0,12.0,22.0,6.0,10.0,14.0,12.0,13.0,9.0,12.0,9.0,7.0,9.0,12.0,12.0,11.0,18.0,7.0,4.0,39.0,7.0,6.0,9.0,5.0,10.0
D8_Dox_C1_CCCTCCTGTCGACTAT-1,48.0,57.0,34.0,25.0,35.0,39.0,12.0,26.0,35.0,29.0,22.0,17.0,37.0,16.0,15.0,5.0,16.0,9.0,21.0,12.0,8.0,26.0,12.0,14.0,17.0
D8_Dox_C1_GTCGGGTAGGTGCTTT-1,50.0,54.0,21.0,56.0,21.0,31.0,25.0,34.0,29.0,27.0,33.0,14.0,18.0,13.0,10.0,30.0,11.0,16.0,15.0,9.0,11.0,20.0,6.0,7.0,6.0
D8_Dox_C1_ACTGATGCAAATTGCC-1,109.0,73.0,91.0,99.0,48.0,52.0,29.0,50.0,48.0,60.0,45.0,26.0,23.0,20.0,35.0,54.0,18.0,26.0,29.0,27.0,22.0,28.0,14.0,27.0,17.0
D8_Dox_C2_ACATACGAGGTAAACT-1,51.0,97.0,37.0,41.0,32.0,25.0,29.0,41.0,23.0,17.0,14.0,23.0,5.0,8.0,12.0,38.0,12.0,14.0,6.0,10.0,5.0,13.0,10.0,11.0,4.0
D8_Dox_C2_TGTATTCCATACCATG-1,23.0,8.0,11.0,4.0,7.0,12.0,5.0,10.0,6.0,6.0,7.0,6.0,10.0,4.0,22.0,0.0,3.0,3.0,2.0,2.0,2.0,4.0,7.0,9.0,3.0
D8_Dox_C1_TTTGCGCTCTGTGCAA-1,38.0,33.0,3.0,4.0,18.0,18.0,28.0,16.0,19.0,20.0,18.0,15.0,13.0,15.0,13.0,3.0,24.0,5.0,13.0,4.0,10.0,13.0,12.0,17.0,8.0
D8_Dox_C1_GCAGCCACACCAGCAC-1,61.0,54.0,77.0,130.0,29.0,35.0,73.0,31.0,31.0,47.0,25.0,23.0,54.0,44.0,78.0,4.0,25.0,33.0,31.0,46.0,16.0,29.0,13.0,18.0,22.0
D8_Dox_C1_CATTATCGTTCCATGA-1,104.0,118.0,67.0,53.0,45.0,49.0,40.0,43.0,46.0,34.0,43.0,36.0,17.0,11.0,18.0,79.0,11.0,32.0,20.0,47.0,26.0,11.0,17.0,28.0,15.0
D8_Dox_C2_CCACCTAGTCGCGGTT-1,37.0,22.0,1.0,13.0,21.0,22.0,11.0,16.0,17.0,11.0,17.0,16.0,11.0,7.0,11.0,9.0,7.0,15.0,3.0,4.0,3.0,8.0,10.0,8.0,7.0
D8_Dox_C1_GGACAGATCACTATTC-1,80.0,42.0,118.0,31.0,55.0,61.0,65.0,40.0,32.0,55.0,41.0,29.0,47.0,51.0,31.0,13.0,47.0,43.0,17.0,17.0,17.0,28.0,22.0,27.0,27.0
D8_Dox_C1_CTCACACAGCCAGAAC-1,45.0,21.0,27.0,27.0,35.0,34.0,22.0,17.0,33.0,35.0,33.0,28.0,16.0,15.0,10.0,14.0,23.0,19.0,22.0,7.0,8.0,22.0,15.0,22.0,8.0
D8_Dox_C1_GAACATCTCCAAACAC-1,16.0,11.0,19.0,9.0,8.0,7.0,1.0,8.0,5.0,5.0,6.0,3.0,13.0,7.0,6.0,3.0,3.0,6.0,13.0,19.0,3.0,3.0,1.0,1.0,6.0
D8_Dox_C1_TGAGGGATCGCACTCT-1,37.0,23.0,28.0,20.0,28.0,23.0,32.0,23.0,19.0,22.0,23.0,19.0,32.0,23.0,23.0,5.0,16.0,19.0,10.0,5.0,15.0,20.0,8.0,8.0,13.0
D8_Dox_C2_GTTTCTAGTAGCGATG-1,24.0,20.0,11.0,5.0,12.0,8.0,3.0,21.0,10.0,8.0,11.0,11.0,7.0,14.0,0.0,1.0,9.0,7.0,7.0,3.0,8.0,4.0,7.0,5.0,4.0
D8_Dox_C2_ACGGAGATCATTATCC-1,20.0,44.0,16.0,24.0,9.0,12.0,26.0,8.0,7.0,12.0,10.0,5.0,13.0,4.0,14.0,4.0,10.0,6.0,3.0,5.0,4.0,3.0,4.0,5.0,13.0
D8_Dox_C1_GCATGTATCACCAGGC-1,48.0,43.0,66.0,16.0,45.0,31.0,18.0,29.0,25.0,25.0,29.0,11.0,32.0,16.0,28.0,3.0,22.0,12.0,31.0,6.0,9.0,24.0,10.0,9.0,19.0
D8_Dox_C2_GACTACAGTTCCGTCT-1,39.0,42.0,52.0,26.0,27.0,21.0,9.0,13.0,12.0,11.0,15.0,6.0,5.0,6.0,13.0,6.0,6.0,12.0,8.0,1.0,6.0,6.0,6.0,8.0,11.0
D8_Dox_C2_AGCTTGACATATACGC-1,41.0,37.0,19.0,17.0,18.0,16.0,18.0,17.0,21.0,5.0,15.0,10.0,28.0,12.0,23.0,4.0,14.0,9.0,9.0,5.0,5.0,16.0,5.0,7.0,10.0
D8_Dox_C1_TCTGGAACACGTTGGC-1,17.0,13.0,11.0,8.0,5.0,8.0,13.0,10.0,8.0,9.0,5.0,2.0,6.0,3.0,15.0,17.0,7.0,4.0,6.0,31.0,5.0,4.0,5.0,5.0,5.0
D8_Dox_C1_CTCGGGAAGGACTGGT-1,35.0,140.0,107.0,44.0,15.0,33.0,16.0,11.0,19.0,13.0,15.0,4.0,2.0,6.0,3.0,27.0,14.0,5.0,13.0,9.0,13.0,5.0,10.0,10.0,10.0
D8_Dox_C1_GTCATTTCATCCGGGT-1,27.0,43.0,21.0,16.0,25.0,27.0,26.0,30.0,18.0,19.0,8.0,17.0,21.0,16.0,9.0,11.0,7.0,10.0,26.0,5.0,8.0,14.0,12.0,5.0,9.0
D8_Dox_C2_TGAGCCGGTAACGCGA-1,12.0,61.0,56.0,14.0,43.0,17.0,13.0,20.0,25.0,13.0,5.0,13.0,24.0,16.0,20.0,5.0,10.0,13.0,16.0,3.0,4.0,18.0,4.0,9.0,19.0
D8_Dox_C1_GACGTGCCAGGCAGTA-1,26.0,36.0,7.0,0.0,13.0,20.0,16.0,17.0,14.0,10.0,18.0,20.0,6.0,11.0,2.0,9.0,8.0,10.0,3.0,3.0,7.0,6.0,4.0,10.0,4.0
D8_Dox_C1_AGTCTTTCAATGGAAT-1,38.0,53.0,18.0,22.0,21.0,23.0,34.0,22.0,13.0,15.0,10.0,16.0,13.0,18.0,15.0,2.0,21.0,14.0,11.0,3.0,10.0,7.0,13.0,6.0,12.0
D8_Dox_C2_CGCCAAGAGCGATAGC-1,54.0,16.0,7.0,20.0,20.0,18.0,13.0,18.0,11.0,5.0,15.0,13.0,3.0,20.0,4.0,11.0,15.0,11.0,3.0,6.0,5.0,5.0,7.0,7.0,3.0
D8_Dox_C1_GCTGCTTTCCAAGTAC-1,90.0,91.0,46.0,63.0,26.0,30.0,19.0,28.0,26.0,20.0,30.0,15.0,13.0,17.0,11.0,53.0,16.0,11.0,19.0,28.0,16.0,12.0,8.0,12.0,23.0
D8_Dox_C1_AGTCTTTGTACCGAGA-1,22.0,28.0,17.0,8.0,6.0,10.0,19.0,15.0,8.0,16.0,4.0,10.0,7.0,5.0,8.0,4.0,11.0,7.0,9.0,27.0,3.0,11.0,8.0,6.0,3.0
D8_Dox_C1_CATGGCGGTGTGGCTC-1,31.0,31.0,32.0,63.0,15.0,18.0,24.0,15.0,15.0,10.0,14.0,6.0,5.0,10.0,8.0,58.0,8.0,10.0,5.0,17.0,15.0,4.0,10.0,9.0,7.0
D8_Dox_C1_TGGTTCCTCCTTTACA-1,19.0,34.0,12.0,17.0,13.0,13.0,12.0,9.0,7.0,16.0,9.0,8.0,8.0,11.0,4.0,4.0,5.0,5.0,7.0,1.0,6.0,3.0,2.0,2.0,6.0
D8_Dox_C1_CCGGGATAGCTGATAA-1,58.0,58.0,111.0,81.0,29.0,28.0,36.0,23.0,34.0,19.0,22.0,13.0,7.0,14.0,5.0,15.0,15.0,18.0,25.0,15.0,12.0,5.0,17.0,14.0,8.0
D8_Dox_C2_AAGTCTGTCTAGCACA-1,22.0,30.0,14.0,15.0,15.0,8.0,10.0,13.0,11.0,11.0,23.0,15.0,10.0,3.0,3.0,1.0,11.0,4.0,5.0,2.0,5.0,6.0,6.0,8.0,5.0
D8_Dox_C1_GAAACTCCACCATGTA-1,32.0,24.0,38.0,31.0,28.0,26.0,18.0,15.0,22.0,24.0,13.0,15.0,15.0,11.0,20.0,21.0,11.0,9.0,13.0,17.0,7.0,14.0,12.0,6.0,15.0
D8_Dox_C1_CATCCACGTGCGGTAA-1,21.0,19.0,3.0,10.0,12.0,12.0,17.0,13.0,3.0,14.0,4.0,7.0,11.0,12.0,6.0,11.0,3.0,6.0,7.0,23.0,9.0,6.0,2.0,11.0,5.0
D8_Dox_C1_TCAGCAACATTGGGCC-1,74.0,58.0,48.0,94.0,41.0,55.0,62.0,38.0,40.0,56.0,32.0,28.0,22.0,30.0,9.0,38.0,35.0,21.0,19.0,12.0,28.0,19.0,14.0,10.0,11.0
D8_Dox_C2_GGACAAGAGCCGCCTA-1,43.0,37.0,12.0,12.0,31.0,16.0,27.0,18.0,16.0,29.0,17.0,16.0,31.0,10.0,8.0,4.0,16.0,11.0,18.0,8.0,5.0,2.0,8.0,7.0,9.0
D8_Dox_C2_AGAGTGGGTCGCATAT-1,31.0,19.0,5.0,20.0,22.0,20.0,13.0,11.0,17.0,18.0,23.0,24.0,10.0,10.0,1.0,3.0,4.0,13.0,4.0,2.0,7.0,7.0,6.0,4.0,5.0
D8_Dox_C2_GAAATGAGTCACTTCC-1,37.0,35.0,25.0,12.0,33.0,26.0,23.0,24.0,26.0,19.0,12.0,19.0,36.0,18.0,17.0,3.0,12.0,8.0,4.0,8.0,9.0,11.0,9.0,7.0,15.0
D8_Dox_C2_TTTGGTTGTGACGGTA-1,60.0,42.0,21.0,20.0,31.0,28.0,18.0,15.0,25.0,10.0,29.0,19.0,4.0,12.0,10.0,24.0,14.0,18.0,3.0,9.0,16.0,3.0,13.0,13.0,6.0
D8_Dox_C2_AACTGGTTCCATTCTA-1,32.0,40.0,16.0,9.0,36.0,24.0,23.0,27.0,29.0,30.0,19.0,33.0,24.0,15.0,27.0,1.0,12.0,17.0,19.0,15.0,14.0,11.0,16.0,21.0,19.0
D8_Dox_C1_CACCACTCAGGGTATG-1,39.0,28.0,37.0,25.0,9.0,13.0,23.0,15.0,19.0,9.0,15.0,8.0,9.0,4.0,10.0,33.0,5.0,13.0,10.0,10.0,7.0,4.0,11.0,5.0,5.0
D8_Dox_C2_TAAGTGCTCGACCAGC-1,87.0,64.0,55.0,12.0,53.0,36.0,33.0,54.0,55.0,39.0,33.0,53.0,61.0,19.0,36.0,6.0,27.0,22.0,27.0,12.0,12.0,28.0,9.0,13.0,18.0
D8_Dox_C1_AACGTTGCAATGAAAC-1,39.0,25.0,6.0,24.0,14.0,16.0,15.0,13.0,18.0,20.0,23.0,15.0,10.0,10.0,19.0,4.0,7.0,8.0,7.0,8.0,8.0,8.0,6.0,12.0,4.0
D8_Dox_C1_CCTACACGTGTCCTCT-1,71.0,64.0,132.0,20.0,43.0,28.0,40.0,33.0,26.0,31.0,29.0,26.0,26.0,16.0,16.0,50.0,15.0,16.0,14.0,22.0,17.0,13.0,11.0,9.0,9.0
D8_Dox_C2_TCTTCGGGTCTAGCCG-1,13.0,10.0,15.0,30.0,9.0,9.0,13.0,8.0,10.0,7.0,6.0,9.0,10.0,12.0,9.0,3.0,5.0,4.0,3.0,5.0,6.0,6.0,5.0,4.0,4.0
D8_Dox_C1_AACTCAGTCTTCGAGA-1,35.0,32.0,33.0,35.0,20.0,24.0,33.0,11.0,13.0,16.0,11.0,8.0,10.0,6.0,6.0,29.0,7.0,5.0,13.0,39.0,5.0,12.0,7.0,5.0,7.0
D8_Dox_C2_GTACTCCTCCAAAGTC-1,29.0,28.0,23.0,18.0,14.0,12.0,12.0,9.0,17.0,10.0,11.0,9.0,0.0,3.0,8.0,12.0,8.0,2.0,7.0,5.0,7.0,0.0,4.0,4.0,4.0
D8_Dox_C2_CCAGCGAGTCAAACTC-1,32.0,14.0,17.0,20.0,19.0,18.0,13.0,22.0,17.0,12.0,18.0,13.0,6.0,10.0,1.0,6.0,2.0,19.0,6.0,4.0,10.0,1.0,6.0,12.0,7.0
D8_Dox_C2_GCACATAGTACCTACA-1,17.0,21.0,14.0,13.0,18.0,20.0,11.0,18.0,6.0,5.0,17.0,9.0,16.0,17.0,17.0,2.0,9.0,8.0,6.0,6.0,6.0,2.0,6.0,2.0,4.0
D8_Dox_C1_ATCTACTAGTTAGCGG-1,25.0,27.0,12.0,18.0,21.0,10.0,12.0,18.0,12.0,9.0,12.0,3.0,17.0,10.0,11.0,4.0,5.0,5.0,5.0,3.0,4.0,2.0,2.0,8.0,3.0
D8_Dox_C1_AGCTCTCAGGAGTTGC-1,47.0,26.0,36.0,7.0,22.0,28.0,44.0,13.0,17.0,4.0,12.0,16.0,3.0,15.0,9.0,23.0,6.0,6.0,14.0,7.0,4.0,4.0,6.0,10.0,12.0
D8_Dox_C1_CACCACTCACTTACGA-1,66.0,54.0,41.0,24.0,40.0,27.0,28.0,37.0,30.0,39.0,29.0,22.0,11.0,15.0,4.0,8.0,27.0,15.0,17.0,8.0,15.0,10.0,16.0,14.0,6.0
D8_Dox_C1_CACTCCAAGGAGTAGA-1,13.0,14.0,26.0,20.0,7.0,17.0,19.0,11.0,7.0,8.0,12.0,8.0,6.0,27.0,10.0,3.0,8.0,8.0,3.0,35.0,11.0,11.0,12.0,4.0,0.0
D8_Dox_C1_ACGATGTGTGGAAAGA-1,54.0,65.0,68.0,42.0,32.0,39.0,47.0,28.0,25.0,17.0,24.0,17.0,5.0,22.0,8.0,35.0,21.0,22.0,26.0,8.0,17.0,8.0,9.0,11.0,14.0
D8_Dox_C1_AGTGAGGTCTCGTTTA-1,27.0,30.0,33.0,34.0,12.0,18.0,24.0,9.0,18.0,15.0,14.0,11.0,9.0,13.0,10.0,18.0,7.0,7.0,8.0,6.0,7.0,12.0,6.0,9.0,5.0
D8_Dox_C1_ACGAGCCGTTATGCGT-1,230.0,148.0,75.0,108.0,66.0,106.0,100.0,73.0,65.0,61.0,71.0,66.0,41.0,43.0,25.0,162.0,37.0,39.0,38.0,65.0,58.0,21.0,27.0,30.0,17.0
D8_Dox_C2_TACTTGTGTCGCGTGT-1,30.0,21.0,8.0,21.0,18.0,9.0,21.0,20.0,25.0,16.0,11.0,17.0,11.0,7.0,5.0,2.0,5.0,14.0,8.0,6.0,8.0,4.0,5.0,4.0,9.0
D8_Dox_C1_GGAGCAATCCAAACAC-1,46.0,25.0,35.0,31.0,15.0,14.0,14.0,22.0,13.0,24.0,12.0,1.0,6.0,7.0,1.0,15.0,8.0,12.0,7.0,3.0,7.0,5.0,5.0,3.0,2.0
D8_Dox_C2_TTTATGCTCAATAAGG-1,22.0,16.0,16.0,12.0,15.0,14.0,5.0,11.0,12.0,7.0,6.0,7.0,4.0,10.0,2.0,6.0,5.0,10.0,1.0,1.0,3.0,3.0,3.0,3.0,4.0
D8_Dox_C2_GATTCAGTCTGTCCGT-1,31.0,13.0,14.0,9.0,27.0,22.0,23.0,22.0,21.0,17.0,27.0,20.0,18.0,12.0,17.0,2.0,7.0,9.0,13.0,5.0,11.0,13.0,6.0,18.0,11.0
D8_Dox_C2_CAAGATCTCGACAGCC-1,30.0,24.0,25.0,19.0,14.0,22.0,21.0,20.0,6.0,7.0,8.0,11.0,5.0,4.0,7.0,13.0,8.0,6.0,2.0,7.0,6.0,1.0,5.0,3.0,7.0
D8_Dox_C2_CACAGGCGTTCGGCAC-1,58.0,45.0,25.0,23.0,15.0,23.0,26.0,15.0,20.0,15.0,13.0,9.0,8.0,13.0,10.0,8.0,12.0,19.0,7.0,8.0,9.0,1.0,14.0,9.0,9.0
D8_Dox_C1_CTTGGCTGTCCCTACT-1,76.0,58.0,143.0,41.0,27.0,47.0,25.0,27.0,30.0,16.0,20.0,16.0,24.0,16.0,7.0,53.0,12.0,11.0,17.0,24.0,19.0,14.0,7.0,24.0,8.0
D8_Dox_C1_ATCCACCAGCTAAGAT-1,27.0,33.0,15.0,9.0,14.0,21.0,8.0,24.0,14.0,15.0,8.0,7.0,6.0,7.0,14.0,5.0,4.0,9.0,4.0,3.0,3.0,7.0,2.0,8.0,10.0
D8_Dox_C2_CGGTTAACACCCAGTG-1,46.0,13.0,7.0,41.0,27.0,31.0,32.0,18.0,22.0,16.0,25.0,16.0,13.0,20.0,2.0,8.0,24.0,12.0,13.0,12.0,11.0,11.0,8.0,6.0,7.0
D8_Dox_C2_GAATGAACAAGCGCTC-1,40.0,51.0,13.0,54.0,21.0,13.0,14.0,10.0,12.0,20.0,16.0,7.0,13.0,16.0,8.0,16.0,6.0,15.0,5.0,6.0,11.0,3.0,5.0,11.0,7.0
D8_Dox_C2_GGATTACTCTAAGCCA-1,34.0,68.0,35.0,25.0,24.0,25.0,29.0,15.0,22.0,17.0,15.0,15.0,21.0,10.0,38.0,13.0,17.0,7.0,15.0,17.0,7.0,9.0,14.0,11.0,10.0
D8_Dox_C2_GTACTTTAGGTCATCT-1,34.0,15.0,38.0,7.0,20.0,11.0,16.0,15.0,15.0,6.0,8.0,9.0,8.0,5.0,9.0,3.0,11.0,6.0,7.0,1.0,5.0,2.0,6.0,11.0,4.0
D8_Dox_C2_CGGGTCACACATAACC-1,34.0,40.0,46.0,13.0,33.0,21.0,17.0,18.0,19.0,8.0,9.0,11.0,3.0,5.0,11.0,8.0,10.0,15.0,12.0,3.0,3.0,7.0,11.0,14.0,7.0
D8_Dox_C2_CAGCATAGTAAATGAC-1,77.0,98.0,15.0,8.0,45.0,35.0,32.0,40.0,31.0,42.0,27.0,38.0,28.0,21.0,24.0,8.0,34.0,17.0,19.0,21.0,14.0,19.0,12.0,24.0,10.0
D8_Dox_C1_TCGTACCTCTCGATGA-1,61.0,32.0,14.0,15.0,13.0,28.0,14.0,18.0,16.0,20.0,16.0,13.0,23.0,15.0,12.0,1.0,8.0,12.0,18.0,8.0,5.0,11.0,7.0,11.0,8.0
D8_Dox_C1_GACGTTAGTCCGTCAG-1,39.0,39.0,20.0,18.0,21.0,32.0,34.0,17.0,12.0,22.0,20.0,19.0,8.0,26.0,5.0,12.0,5.0,14.0,11.0,10.0,20.0,12.0,6.0,8.0,9.0
D8_Dox_C2_CCTTACGTCACAATGC-1,29.0,23.0,18.0,3.0,21.0,16.0,10.0,15.0,17.0,8.0,10.0,11.0,6.0,8.0,17.0,4.0,6.0,8.0,6.0,2.0,5.0,9.0,5.0,6.0,10.0
D8_Dox_C2_TGACTAGTCGATGAGG-1,50.0,4.0,3.0,12.0,19.0,21.0,6.0,13.0,21.0,17.0,8.0,18.0,10.0,11.0,4.0,4.0,10.0,6.0,7.0,5.0,4.0,3.0,1.0,4.0,3.0
D8_Dox_C1_CAGATCAGTATTAGCC-1,40.0,44.0,108.0,60.0,23.0,31.0,16.0,17.0,16.0,15.0,16.0,12.0,8.0,17.0,13.0,9.0,8.0,14.0,25.0,27.0,9.0,16.0,9.0,9.0,19.0
D8_Dox_C2_GATCTAGGTGTGGTTT-1,21.0,20.0,29.0,14.0,14.0,10.0,12.0,14.0,7.0,10.0,12.0,5.0,6.0,4.0,3.0,11.0,3.0,7.0,1.0,1.0,4.0,4.0,2.0,9.0,3.0
D8_Dox_C1_TTTACTGAGTTCGATC-1,31.0,19.0,72.0,40.0,23.0,21.0,11.0,14.0,14.0,10.0,8.0,8.0,5.0,8.0,3.0,13.0,6.0,6.0,7.0,2.0,2.0,9.0,5.0,7.0,3.0
D8_Dox_C1_CCATGTCAGTGGTCCC-1,56.0,33.0,41.0,20.0,23.0,19.0,27.0,27.0,18.0,12.0,20.0,26.0,22.0,15.0,10.0,6.0,16.0,9.0,10.0,10.0,11.0,13.0,13.0,11.0,17.0
D8_Dox_C2_TGCCCTAAGCTAGTTC-1,28.0,25.0,8.0,11.0,9.0,10.0,6.0,10.0,12.0,9.0,13.0,12.0,5.0,15.0,2.0,1.0,5.0,8.0,10.0,3.0,4.0,2.0,4.0,15.0,4.0
D8_Dox_C1_TAGTTGGCATGCTAGT-1,68.0,48.0,58.0,74.0,20.0,29.0,42.0,33.0,22.0,29.0,24.0,20.0,15.0,14.0,18.0,26.0,13.0,16.0,14.0,17.0,19.0,10.0,5.0,15.0,5.0
D8_Dox_C2_TACTTACAGTTGAGAT-1,19.0,30.0,44.0,2.0,13.0,8.0,7.0,9.0,15.0,3.0,9.0,9.0,4.0,4.0,11.0,3.0,1.0,7.0,5.0,12.0,6.0,1.0,6.0,3.0,6.0
D8_Dox_C1_TACGGTATCTTGCATT-1,55.0,41.0,17.0,16.0,24.0,25.0,51.0,24.0,14.0,19.0,23.0,22.0,26.0,19.0,18.0,8.0,17.0,21.0,14.0,7.0,15.0,15.0,16.0,11.0,11.0
D8_Dox_C2_CGCTTCATCAGATAAG-1,48.0,23.0,3.0,17.0,17.0,13.0,17.0,8.0,8.0,14.0,17.0,16.0,9.0,14.0,3.0,3.0,10.0,13.0,4.0,7.0,7.0,10.0,11.0,11.0,9.0
D8_Dox_C2_TTCTCCTTCCTTGGTC-1,19.0,41.0,16.0,15.0,26.0,21.0,35.0,18.0,25.0,28.0,17.0,24.0,52.0,14.0,46.0,1.0,15.0,7.0,11.0,7.0,10.0,18.0,11.0,9.0,16.0
D8_Dox_C2_TGATTTCCACACTGCG-1,35.0,46.0,15.0,30.0,19.0,20.0,15.0,21.0,13.0,10.0,10.0,15.0,13.0,4.0,2.0,6.0,9.0,11.0,8.0,5.0,2.0,10.0,6.0,8.0,8.0
D8_Dox_C1_TTTGCGCAGCTGTCTA-1,34.0,44.0,37.0,17.0,20.0,30.0,19.0,34.0,19.0,22.0,24.0,19.0,33.0,5.0,42.0,22.0,11.0,21.0,12.0,14.0,14.0,16.0,12.0,11.0,15.0
D8_Dox_C1_AGCTCCTAGCTAGTCT-1,48.0,23.0,45.0,24.0,32.0,18.0,45.0,14.0,18.0,22.0,21.0,15.0,23.0,19.0,23.0,3.0,19.0,22.0,5.0,6.0,24.0,11.0,15.0,13.0,15.0
D8_Dox_C1_TTGACTTGTATATCCG-1,16.0,28.0,21.0,3.0,24.0,20.0,7.0,27.0,13.0,13.0,13.0,8.0,10.0,12.0,4.0,9.0,5.0,11.0,17.0,8.0,12.0,14.0,8.0,12.0,6.0
D8_Dox_C2_CACTCCAGTAGGAGTC-1,31.0,34.0,11.0,3.0,30.0,27.0,12.0,22.0,20.0,19.0,18.0,13.0,21.0,14.0,18.0,0.0,14.0,7.0,11.0,3.0,7.0,8.0,12.0,13.0,5.0
D8_Dox_C1_GAACATCGTCATGCCG-1,34.0,35.0,26.0,17.0,28.0,18.0,9.0,18.0,11.0,19.0,15.0,13.0,14.0,19.0,12.0,11.0,10.0,10.0,5.0,3.0,8.0,5.0,4.0,11.0,5.0
D8_Dox_C1_TTCTACATCTGTCTCG-1,29.0,30.0,12.0,13.0,15.0,16.0,13.0,20.0,12.0,15.0,15.0,9.0,9.0,4.0,12.0,6.0,4.0,7.0,4.0,9.0,11.0,10.0,8.0,7.0,12.0
D8_Dox_C1_GCATGCGCACGTCAGC-1,80.0,30.0,27.0,15.0,40.0,39.0,34.0,30.0,28.0,28.0,28.0,17.0,9.0,10.0,4.0,33.0,11.0,24.0,6.0,9.0,8.0,11.0,9.0,15.0,7.0
D8_Dox_C2_ATGAGGGAGTCCAGGA-1,33.0,23.0,7.0,4.0,16.0,12.0,26.0,12.0,22.0,27.0,15.0,15.0,19.0,11.0,50.0,4.0,7.0,12.0,3.0,7.0,9.0,6.0,8.0,8.0,7.0
D8_Dox_C2_GTGGGTCGTAGCGTCC-1,72.0,148.0,39.0,7.0,45.0,35.0,27.0,22.0,43.0,43.0,20.0,36.0,36.0,14.0,17.0,1.0,14.0,12.0,25.0,23.0,3.0,19.0,9.0,17.0,11.0
D8_Dox_C1_TGGGCGTAGATAGGAG-1,22.0,28.0,10.0,23.0,18.0,22.0,22.0,4.0,17.0,18.0,12.0,11.0,6.0,27.0,3.0,7.0,8.0,8.0,10.0,8.0,12.0,5.0,6.0,8.0,8.0
D8_Dox_C1_ACTGCTCGTACAGTGG-1,30.0,21.0,7.0,11.0,10.0,15.0,9.0,17.0,8.0,7.0,7.0,4.0,1.0,5.0,1.0,2.0,2.0,1.0,4.0,1.0,10.0,3.0,2.0,6.0,1.0
D8_Dox_C2_TACTCATTCGACAGCC-1,38.0,37.0,23.0,22.0,28.0,24.0,19.0,20.0,31.0,38.0,29.0,17.0,41.0,27.0,24.0,1.0,15.0,12.0,13.0,1.0,11.0,17.0,6.0,17.0,15.0
D8_Dox_C1_ACTGAACTCTCTAGGA-1,67.0,28.0,24.0,8.0,24.0,35.0,37.0,31.0,23.0,27.0,22.0,34.0,14.0,35.0,7.0,13.0,31.0,24.0,8.0,10.0,23.0,14.0,10.0,18.0,12.0
D8_Dox_C2_TTTACTGCAGCTGGCT-1,31.0,21.0,10.0,11.0,26.0,19.0,29.0,11.0,22.0,19.0,11.0,13.0,16.0,10.0,10.0,4.0,5.0,6.0,2.0,6.0,8.0,3.0,5.0,13.0,7.0
D8_Dox_C1_ACCAGTATCTTACCGC-1,31.0,24.0,39.0,18.0,10.0,22.0,18.0,20.0,23.0,10.0,10.0,13.0,16.0,12.0,14.0,8.0,14.0,6.0,8.0,7.0,5.0,10.0,11.0,6.0,10.0
D8_Dox_C1_TCAGATGAGTTAGCGG-1,61.0,22.0,46.0,32.0,19.0,25.0,23.0,26.0,20.0,23.0,16.0,25.0,9.0,29.0,5.0,13.0,26.0,10.0,6.0,9.0,17.0,13.0,8.0,10.0,5.0
D8_Dox_C1_AGAGCGACATGCGCAC-1,39.0,25.0,28.0,37.0,23.0,25.0,30.0,12.0,18.0,18.0,26.0,9.0,11.0,15.0,8.0,47.0,14.0,17.0,18.0,15.0,8.0,12.0,3.0,8.0,10.0
D8_Dox_C1_CGATGGCCAGCGTCCA-1,34.0,29.0,22.0,27.0,26.0,22.0,17.0,18.0,14.0,33.0,15.0,21.0,24.0,19.0,11.0,9.0,21.0,6.0,24.0,8.0,9.0,20.0,17.0,12.0,14.0
D8_Dox_C2_GCTGCTTCACAACTGT-1,13.0,16.0,4.0,0.0,7.0,11.0,12.0,9.0,7.0,4.0,1.0,7.0,10.0,12.0,13.0,0.0,5.0,9.0,5.0,3.0,1.0,4.0,6.0,4.0,6.0
D8_Dox_C2_ATTGGACAGAATTGTG-1,32.0,42.0,22.0,15.0,21.0,26.0,9.0,18.0,15.0,9.0,14.0,11.0,7.0,4.0,11.0,8.0,11.0,14.0,4.0,6.0,7.0,2.0,8.0,6.0,11.0
D8_Dox_C2_CTAACTTTCTCGTATT-1,32.0,26.0,14.0,16.0,29.0,17.0,25.0,18.0,14.0,21.0,20.0,15.0,13.0,13.0,8.0,1.0,10.0,2.0,11.0,9.0,10.0,8.0,7.0,12.0,8.0
D8_Dox_C1_CCCAATCGTAAGTAGT-1,60.0,62.0,61.0,14.0,23.0,32.0,34.0,25.0,19.0,30.0,35.0,21.0,9.0,37.0,1.0,12.0,19.0,14.0,5.0,20.0,24.0,12.0,17.0,10.0,9.0
D8_Dox_C1_TGTATTCTCAACGAAA-1,18.0,22.0,5.0,7.0,10.0,13.0,4.0,10.0,8.0,8.0,7.0,11.0,3.0,8.0,7.0,2.0,3.0,3.0,4.0,3.0,6.0,5.0,4.0,2.0,4.0
D8_Dox_C2_TCAGATGCACGAAACG-1,33.0,70.0,59.0,35.0,20.0,21.0,30.0,19.0,18.0,9.0,18.0,22.0,8.0,5.0,11.0,20.0,16.0,10.0,6.0,7.0,6.0,6.0,14.0,11.0,8.0
D8_Dox_C2_CAGTCCTCACGAGGTA-1,40.0,29.0,26.0,16.0,41.0,25.0,29.0,17.0,25.0,21.0,15.0,18.0,21.0,12.0,31.0,3.0,24.0,12.0,16.0,6.0,19.0,12.0,13.0,15.0,13.0
D8_Dox_C2_GAAGCAGAGTGGGTTG-1,26.0,22.0,22.0,1.0,24.0,13.0,14.0,7.0,18.0,4.0,13.0,9.0,17.0,19.0,27.0,0.0,10.0,7.0,19.0,3.0,11.0,2.0,11.0,6.0,8.0
D8_Dox_C1_AGCAGCCCACGACTCG-1,40.0,35.0,21.0,34.0,17.0,23.0,16.0,19.0,15.0,9.0,12.0,6.0,7.0,18.0,10.0,7.0,7.0,13.0,15.0,4.0,7.0,5.0,7.0,6.0,7.0
D8_Dox_C2_CTCGTCAAGTTAGCGG-1,78.0,32.0,32.0,10.0,36.0,44.0,46.0,30.0,36.0,47.0,23.0,20.0,24.0,17.0,22.0,8.0,12.0,18.0,19.0,12.0,13.0,6.0,13.0,15.0,11.0
D8_Dox_C1_GACAGAGCACGCCAGT-1,27.0,33.0,76.0,41.0,23.0,19.0,19.0,16.0,25.0,5.0,26.0,11.0,9.0,9.0,12.0,15.0,5.0,9.0,18.0,19.0,10.0,2.0,10.0,10.0,6.0
D8_Dox_C2_TCAGGTAGTTCCACTC-1,49.0,40.0,10.0,16.0,21.0,23.0,38.0,18.0,16.0,36.0,18.0,15.0,25.0,13.0,20.0,3.0,10.0,13.0,9.0,7.0,6.0,10.0,12.0,9.0,11.0
D8_Dox_C2_TAAACCGTCAGAGCTT-1,88.0,95.0,37.0,69.0,45.0,35.0,35.0,30.0,39.0,24.0,19.0,20.0,10.0,6.0,9.0,58.0,9.0,19.0,27.0,17.0,16.0,4.0,16.0,22.0,10.0
D8_Dox_C2_TCTATTGAGCCAGAAC-1,38.0,38.0,21.0,0.0,20.0,15.0,13.0,20.0,11.0,21.0,19.0,20.0,24.0,12.0,18.0,1.0,8.0,18.0,12.0,6.0,6.0,11.0,12.0,7.0,4.0
D8_Dox_C1_CCACCTATCTGATACG-1,22.0,13.0,40.0,3.0,14.0,18.0,30.0,13.0,15.0,12.0,11.0,8.0,26.0,22.0,31.0,1.0,8.0,13.0,14.0,3.0,11.0,20.0,10.0,5.0,4.0
D8_Dox_C1_TGACAACTCCAAAGTC-1,59.0,55.0,122.0,49.0,25.0,34.0,30.0,23.0,27.0,21.0,25.0,10.0,15.0,10.0,14.0,30.0,10.0,26.0,16.0,12.0,14.0,9.0,7.0,7.0,11.0
D8_Dox_C1_CCTAAAGGTCAACTGT-1,36.0,22.0,17.0,18.0,16.0,18.0,28.0,13.0,11.0,28.0,13.0,16.0,11.0,11.0,8.0,8.0,12.0,5.0,6.0,34.0,7.0,14.0,6.0,12.0,3.0
D8_Dox_C1_GATCAGTCAGCCTTGG-1,78.0,59.0,26.0,31.0,40.0,43.0,25.0,40.0,32.0,24.0,25.0,19.0,17.0,11.0,10.0,44.0,15.0,16.0,17.0,26.0,13.0,13.0,15.0,9.0,12.0
D8_Dox_C1_GGACAGACAGCTATTG-1,21.0,19.0,35.0,41.0,14.0,7.0,8.0,3.0,7.0,13.0,8.0,10.0,5.0,5.0,3.0,25.0,10.0,9.0,6.0,9.0,6.0,3.0,3.0,0.0,9.0
D8_Dox_C1_CCGTACTGTCCTGCTT-1,59.0,53.0,38.0,24.0,26.0,30.0,47.0,34.0,34.0,51.0,38.0,31.0,50.0,15.0,44.0,18.0,27.0,21.0,6.0,14.0,17.0,18.0,16.0,14.0,18.0
D8_Dox_C1_TACTTGTGTTTGGCGC-1,16.0,25.0,11.0,12.0,12.0,21.0,18.0,9.0,14.0,24.0,6.0,8.0,11.0,22.0,11.0,9.0,5.0,6.0,3.0,7.0,10.0,15.0,7.0,9.0,9.0
D8_Dox_C2_AGGGATGCATGTAGTC-1,34.0,21.0,60.0,17.0,14.0,19.0,5.0,17.0,12.0,8.0,15.0,3.0,4.0,11.0,3.0,17.0,7.0,6.0,3.0,1.0,11.0,3.0,8.0,13.0,2.0
D8_Dox_C1_GACCTGGCAGCGTCCA-1,56.0,29.0,46.0,125.0,24.0,24.0,12.0,22.0,18.0,21.0,11.0,10.0,14.0,15.0,4.0,40.0,3.0,11.0,24.0,11.0,19.0,21.0,7.0,5.0,11.0
D8_Dox_C1_TTGTAGGCATGGAATA-1,38.0,43.0,24.0,7.0,23.0,21.0,9.0,22.0,20.0,14.0,11.0,11.0,17.0,9.0,25.0,9.0,8.0,5.0,12.0,8.0,10.0,12.0,15.0,9.0,15.0
D8_Dox_C2_GCGACCAGTACACCGC-1,36.0,23.0,18.0,25.0,20.0,25.0,19.0,15.0,23.0,17.0,11.0,14.0,19.0,17.0,26.0,2.0,8.0,12.0,15.0,8.0,5.0,9.0,6.0,6.0,14.0
D8_Dox_C1_TGCGTGGCAAACGTGG-1,43.0,41.0,20.0,14.0,27.0,24.0,17.0,23.0,10.0,25.0,18.0,12.0,11.0,13.0,11.0,13.0,10.0,9.0,6.0,9.0,10.0,7.0,9.0,9.0,11.0
D8_Dox_C1_TGTGGTAAGGACAGAA-1,58.0,129.0,127.0,50.0,27.0,30.0,23.0,24.0,36.0,19.0,22.0,15.0,19.0,14.0,7.0,18.0,7.0,16.0,47.0,32.0,15.0,14.0,18.0,11.0,19.0
D8_Dox_C1_CTGCGGATCTGCGTAA-1,63.0,66.0,37.0,44.0,25.0,33.0,62.0,31.0,23.0,37.0,26.0,29.0,25.0,30.0,42.0,6.0,38.0,25.0,18.0,11.0,18.0,9.0,17.0,18.0,21.0
D8_Dox_C1_TGAGGGATCCTGCTTG-1,39.0,31.0,31.0,22.0,19.0,33.0,70.0,16.0,22.0,28.0,24.0,8.0,20.0,19.0,26.0,12.0,13.0,13.0,9.0,9.0,14.0,9.0,10.0,10.0,19.0
D8_Dox_C1_TCTCATATCTGCCAGG-1,30.0,27.0,21.0,7.0,19.0,11.0,14.0,18.0,14.0,19.0,11.0,14.0,28.0,9.0,8.0,2.0,8.0,7.0,5.0,3.0,4.0,13.0,11.0,3.0,10.0
D8_Dox_C2_GGGCACTCAGATGAGC-1,59.0,65.0,23.0,17.0,50.0,29.0,29.0,29.0,25.0,42.0,38.0,26.0,37.0,20.0,43.0,10.0,22.0,27.0,18.0,19.0,21.0,16.0,19.0,23.0,26.0
D8_Dox_C2_ATTATCCAGAAACGAG-1,15.0,11.0,17.0,4.0,18.0,8.0,10.0,17.0,18.0,12.0,12.0,12.0,21.0,5.0,12.0,3.0,4.0,7.0,7.0,1.0,4.0,9.0,9.0,5.0,7.0
D8_Dox_C2_GGTGCGTAGCGATATA-1,35.0,26.0,44.0,17.0,29.0,27.0,17.0,20.0,14.0,9.0,17.0,15.0,22.0,13.0,19.0,5.0,11.0,15.0,17.0,3.0,6.0,11.0,16.0,10.0,7.0
D8_Dox_C1_GCCTCTATCTCCAGGG-1,69.0,68.0,36.0,21.0,18.0,43.0,24.0,31.0,12.0,34.0,33.0,26.0,12.0,15.0,6.0,12.0,27.0,16.0,11.0,11.0,14.0,9.0,14.0,10.0,8.0
D8_Dox_C1_TACGGGCCAGCGATCC-1,16.0,9.0,12.0,2.0,7.0,6.0,4.0,7.0,4.0,3.0,0.0,7.0,9.0,3.0,3.0,2.0,3.0,3.0,6.0,18.0,1.0,9.0,1.0,2.0,6.0
D8_Dox_C1_CAGCTGGAGGCTCAGA-1,48.0,29.0,14.0,15.0,23.0,21.0,43.0,28.0,21.0,22.0,18.0,16.0,9.0,17.0,22.0,15.0,10.0,18.0,9.0,8.0,10.0,5.0,12.0,10.0,6.0
D8_Dox_C2_GCATGATTCTCAAACG-1,24.0,29.0,2.0,5.0,24.0,16.0,15.0,15.0,15.0,13.0,8.0,11.0,15.0,13.0,15.0,1.0,3.0,4.0,11.0,5.0,11.0,8.0,8.0,9.0,7.0
D8_Dox_C2_GTGGGTCAGATAGTCA-1,48.0,30.0,48.0,65.0,22.0,44.0,42.0,17.0,24.0,28.0,25.0,26.0,14.0,26.0,17.0,9.0,24.0,18.0,7.0,6.0,12.0,8.0,11.0,12.0,10.0
D8_Dox_C2_GTGTGCGTCACCTCGT-1,28.0,30.0,9.0,11.0,21.0,9.0,16.0,6.0,17.0,9.0,9.0,7.0,2.0,9.0,1.0,5.0,7.0,7.0,1.0,5.0,2.0,5.0,7.0,8.0,3.0
D8_Dox_C1_GCTTCCAAGGCAGTCA-1,63.0,28.0,118.0,39.0,28.0,32.0,17.0,39.0,28.0,20.0,10.0,11.0,27.0,12.0,9.0,25.0,11.0,14.0,14.0,10.0,9.0,15.0,3.0,10.0,13.0
D8_Dox_C2_AAGTCTGTCTTGTATC-1,28.0,16.0,16.0,2.0,36.0,28.0,39.0,19.0,22.0,24.0,14.0,43.0,32.0,27.0,24.0,4.0,27.0,23.0,6.0,9.0,12.0,12.0,14.0,10.0,17.0
D8_Dox_C2_TCCCGATCAGTAAGAT-1,31.0,22.0,8.0,3.0,21.0,22.0,9.0,15.0,15.0,9.0,12.0,18.0,5.0,6.0,1.0,9.0,11.0,7.0,3.0,3.0,7.0,5.0,7.0,6.0,4.0
D8_Dox_C2_CAGCTAAAGACACTAA-1,29.0,24.0,11.0,17.0,21.0,15.0,2.0,16.0,11.0,12.0,9.0,4.0,4.0,2.0,1.0,17.0,5.0,6.0,4.0,27.0,2.0,2.0,3.0,6.0,2.0
D8_Dox_C1_ACTATCTAGTGTACTC-1,41.0,42.0,25.0,33.0,27.0,22.0,40.0,31.0,25.0,24.0,23.0,14.0,12.0,16.0,22.0,10.0,10.0,15.0,8.0,19.0,14.0,19.0,13.0,9.0,14.0
D8_Dox_C2_TTAGGCACAAAGCAAT-1,33.0,23.0,31.0,20.0,23.0,21.0,12.0,16.0,9.0,10.0,11.0,11.0,21.0,12.0,20.0,0.0,9.0,5.0,4.0,3.0,2.0,6.0,3.0,5.0,12.0
D8_Dox_C1_CGAGCACCAACTGGCC-1,55.0,91.0,17.0,74.0,31.0,28.0,30.0,18.0,26.0,38.0,24.0,30.0,7.0,13.0,12.0,31.0,12.0,20.0,8.0,12.0,13.0,13.0,15.0,8.0,9.0
D8_Dox_C2_TTAGGACTCACGAAGG-1,23.0,15.0,23.0,0.0,18.0,17.0,20.0,13.0,11.0,17.0,11.0,19.0,23.0,11.0,13.0,3.0,13.0,3.0,11.0,8.0,4.0,9.0,4.0,8.0,8.0
D8_Dox_C2_GGACAAGGTCGCGGTT-1,70.0,22.0,9.0,18.0,36.0,32.0,20.0,21.0,20.0,15.0,20.0,26.0,19.0,17.0,16.0,4.0,22.0,19.0,12.0,5.0,14.0,10.0,19.0,17.0,14.0
D8_Dox_C2_CTCATTACAGTTAACC-1,42.0,93.0,49.0,38.0,30.0,33.0,27.0,20.0,39.0,26.0,13.0,18.0,35.0,6.0,27.0,24.0,18.0,22.0,15.0,13.0,6.0,4.0,6.0,5.0,6.0
D8_Dox_C1_TAGTTGGTCACCAGGC-1,32.0,84.0,17.0,6.0,19.0,17.0,10.0,18.0,15.0,13.0,14.0,11.0,20.0,17.0,24.0,3.0,6.0,7.0,8.0,2.0,12.0,13.0,11.0,9.0,10.0
D8_Dox_C2_CCAATCCAGTCAAGCG-1,21.0,14.0,4.0,19.0,10.0,10.0,4.0,6.0,12.0,4.0,7.0,6.0,0.0,3.0,1.0,9.0,0.0,6.0,3.0,4.0,4.0,1.0,6.0,8.0,6.0
D8_Dox_C2_ACGGGTCCAGCTATTG-1,64.0,83.0,28.0,24.0,41.0,31.0,41.0,23.0,22.0,43.0,29.0,22.0,20.0,9.0,25.0,14.0,22.0,15.0,8.0,6.0,21.0,10.0,11.0,18.0,8.0
D8_Dox_C2_TGCACCTAGCTAGTTC-1,61.0,53.0,14.0,34.0,47.0,36.0,38.0,33.0,24.0,18.0,37.0,31.0,17.0,28.0,5.0,21.0,22.0,20.0,7.0,5.0,4.0,19.0,17.0,18.0,9.0
D8_Dox_C1_AAATGCCGTCCGTTAA-1,63.0,47.0,13.0,10.0,37.0,31.0,16.0,28.0,26.0,37.0,24.0,25.0,23.0,9.0,19.0,6.0,12.0,12.0,7.0,6.0,18.0,11.0,11.0,13.0,12.0
D8_Dox_C1_AGGGATGAGTCAAGGC-1,31.0,32.0,21.0,49.0,20.0,23.0,26.0,14.0,11.0,21.0,11.0,16.0,12.0,16.0,25.0,10.0,18.0,14.0,7.0,8.0,9.0,9.0,8.0,8.0,7.0
D8_Dox_C1_CGATGGCAGCTAAGAT-1,63.0,89.0,22.0,17.0,30.0,41.0,17.0,23.0,29.0,38.0,25.0,15.0,23.0,22.0,43.0,31.0,18.0,15.0,10.0,14.0,9.0,12.0,14.0,11.0,16.0
D8_Dox_C1_TTTGTCAAGGCTAGGT-1,46.0,30.0,21.0,25.0,29.0,30.0,31.0,20.0,16.0,17.0,15.0,14.0,20.0,23.0,17.0,14.0,25.0,11.0,11.0,7.0,10.0,13.0,7.0,9.0,10.0
D8_Dox_C2_ACTTGTTTCTGTTGAG-1,32.0,25.0,54.0,15.0,11.0,13.0,17.0,11.0,11.0,10.0,13.0,11.0,12.0,11.0,24.0,16.0,7.0,7.0,10.0,11.0,11.0,5.0,6.0,5.0,11.0
D8_Dox_C2_CCACTACCACGGCTAC-1,33.0,35.0,47.0,16.0,25.0,18.0,6.0,13.0,23.0,13.0,8.0,11.0,11.0,4.0,12.0,10.0,4.0,9.0,13.0,7.0,3.0,5.0,11.0,7.0,14.0
D8_Dox_C1_CTCTACGTCTACCTGC-1,11.0,12.0,11.0,5.0,9.0,14.0,7.0,10.0,4.0,7.0,7.0,8.0,14.0,3.0,3.0,1.0,7.0,3.0,8.0,20.0,0.0,7.0,1.0,6.0,6.0
D8_Dox_C1_CCATGTCGTAGGACAC-1,27.0,49.0,40.0,10.0,29.0,40.0,29.0,19.0,33.0,53.0,27.0,33.0,38.0,32.0,47.0,5.0,20.0,20.0,14.0,7.0,21.0,40.0,19.0,9.0,11.0
D8_Dox_C1_CCTTACGAGGCTATCT-1,138.0,121.0,79.0,74.0,83.0,69.0,68.0,48.0,48.0,78.0,54.0,50.0,59.0,18.0,24.0,81.0,34.0,27.0,49.0,55.0,33.0,39.0,25.0,31.0,19.0
D8_Dox_C1_CTGATCCTCAAGCCTA-1,39.0,48.0,5.0,14.0,21.0,19.0,24.0,29.0,17.0,14.0,10.0,17.0,7.0,17.0,2.0,6.0,13.0,15.0,6.0,2.0,6.0,11.0,9.0,11.0,9.0
D8_Dox_C1_CAAGATCCACGGACAA-1,31.0,34.0,26.0,17.0,14.0,17.0,12.0,21.0,16.0,9.0,15.0,1.0,4.0,8.0,12.0,6.0,0.0,5.0,6.0,5.0,8.0,0.0,8.0,3.0,10.0
D8_Dox_C2_GGTGCGTAGACTTGAA-1,12.0,9.0,9.0,11.0,6.0,9.0,17.0,7.0,9.0,17.0,5.0,11.0,13.0,6.0,24.0,7.0,8.0,8.0,0.0,41.0,7.0,6.0,4.0,4.0,8.0
D8_Dox_C1_GTCGGGTCAATGGAAT-1,12.0,30.0,42.0,21.0,13.0,13.0,8.0,6.0,14.0,3.0,11.0,3.0,5.0,2.0,9.0,6.0,6.0,2.0,13.0,8.0,7.0,1.0,5.0,2.0,6.0
D8_Dox_C2_CATCCACCACCACGTG-1,43.0,50.0,26.0,56.0,35.0,40.0,16.0,55.0,27.0,14.0,25.0,16.0,8.0,11.0,2.0,28.0,7.0,13.0,8.0,2.0,7.0,2.0,9.0,12.0,6.0
D8_Dox_C1_CAGCGACTCAGCTCTC-1,80.0,97.0,24.0,31.0,45.0,59.0,51.0,40.0,39.0,32.0,52.0,36.0,42.0,51.0,32.0,30.0,35.0,22.0,14.0,13.0,25.0,17.0,23.0,13.0,31.0
D8_Dox_C1_CGCTTCAAGCGATTCT-1,31.0,36.0,29.0,10.0,13.0,27.0,21.0,10.0,15.0,21.0,14.0,11.0,5.0,10.0,6.0,15.0,7.0,12.0,13.0,4.0,9.0,6.0,9.0,5.0,13.0
D8_Dox_C2_GAACCTATCATAACCG-1,31.0,47.0,87.0,63.0,28.0,23.0,50.0,29.0,19.0,12.0,14.0,7.0,15.0,12.0,7.0,32.0,10.0,12.0,7.0,40.0,14.0,7.0,15.0,5.0,9.0
D8_Dox_C1_CCTCAGTGTACGAAAT-1,45.0,27.0,11.0,8.0,15.0,34.0,20.0,15.0,16.0,24.0,20.0,12.0,15.0,16.0,8.0,6.0,12.0,14.0,6.0,1.0,15.0,11.0,10.0,9.0,8.0
D8_Dox_C2_AGGCCACTCTTGTCAT-1,33.0,45.0,24.0,24.0,24.0,16.0,12.0,13.0,32.0,12.0,15.0,9.0,5.0,6.0,2.0,15.0,10.0,15.0,6.0,2.0,6.0,3.0,4.0,6.0,3.0
D8_Dox_C2_GTGTGCGGTGTGTGCC-1,36.0,31.0,36.0,16.0,18.0,25.0,10.0,14.0,17.0,17.0,8.0,7.0,3.0,12.0,9.0,3.0,14.0,14.0,14.0,2.0,10.0,5.0,12.0,7.0,13.0
D8_Dox_C2_TGAGCATTCGGATGTT-1,27.0,33.0,23.0,31.0,9.0,24.0,32.0,13.0,18.0,21.0,15.0,16.0,3.0,25.0,5.0,4.0,11.0,8.0,7.0,5.0,4.0,2.0,1.0,3.0,7.0
D8_Dox_C2_TTAGGACAGGACCACA-1,23.0,38.0,46.0,17.0,40.0,10.0,13.0,17.0,20.0,9.0,19.0,12.0,15.0,14.0,10.0,3.0,7.0,3.0,10.0,4.0,5.0,6.0,11.0,4.0,9.0
D8_Dox_C2_GCTCTGTCATCGGACC-1,49.0,34.0,22.0,25.0,28.0,23.0,20.0,25.0,26.0,31.0,24.0,27.0,43.0,19.0,19.0,3.0,21.0,13.0,5.0,3.0,12.0,18.0,10.0,12.0,9.0
D8_Dox_C1_ACCGTAAAGAGGGCTT-1,102.0,57.0,57.0,46.0,53.0,52.0,39.0,63.0,48.0,36.0,38.0,21.0,14.0,15.0,16.0,45.0,23.0,23.0,23.0,25.0,20.0,8.0,21.0,18.0,14.0
D8_Dox_C1_CAAGATCGTATATCCG-1,28.0,18.0,5.0,6.0,11.0,14.0,14.0,15.0,10.0,7.0,12.0,9.0,9.0,16.0,8.0,4.0,11.0,8.0,6.0,4.0,7.0,5.0,3.0,4.0,11.0
D8_Dox_C1_TGCACCTAGTGTACCT-1,18.0,14.0,1.0,3.0,12.0,16.0,1.0,10.0,10.0,5.0,7.0,3.0,16.0,7.0,8.0,2.0,3.0,3.0,2.0,6.0,7.0,4.0,12.0,4.0,8.0
D8_Dox_C1_ACTTTCAAGCCAGGAT-1,29.0,108.0,44.0,4.0,26.0,24.0,21.0,18.0,23.0,33.0,20.0,12.0,18.0,18.0,25.0,6.0,16.0,9.0,28.0,12.0,15.0,23.0,11.0,9.0,10.0
D8_Dox_C2_GTACGTATCCAACCAA-1,41.0,19.0,30.0,27.0,26.0,19.0,52.0,18.0,21.0,24.0,21.0,34.0,37.0,28.0,36.0,4.0,23.0,21.0,9.0,18.0,17.0,24.0,12.0,17.0,11.0
D8_Dox_C1_CTACGTCCAATGACCT-1,54.0,101.0,136.0,72.0,16.0,22.0,18.0,20.0,19.0,9.0,10.0,8.0,12.0,6.0,3.0,140.0,11.0,8.0,27.0,19.0,18.0,10.0,14.0,5.0,11.0
D8_Dox_C2_TGTATTCAGAATAGGG-1,30.0,24.0,71.0,17.0,18.0,19.0,27.0,12.0,18.0,8.0,5.0,13.0,3.0,8.0,3.0,10.0,10.0,12.0,15.0,19.0,8.0,3.0,3.0,6.0,3.0
D8_Dox_C2_CATGGCGCACGCATCG-1,32.0,40.0,23.0,43.0,29.0,25.0,27.0,15.0,19.0,15.0,11.0,19.0,8.0,11.0,6.0,15.0,20.0,22.0,12.0,45.0,5.0,12.0,4.0,9.0,9.0
D8_Dox_C1_GTCAAGTCACACTGCG-1,32.0,20.0,50.0,59.0,16.0,39.0,49.0,23.0,18.0,11.0,14.0,17.0,22.0,47.0,26.0,9.0,12.0,14.0,10.0,6.0,13.0,30.0,10.0,11.0,6.0
D8_Dox_C1_TTTGGTTTCCGCGGTA-1,17.0,20.0,33.0,6.0,7.0,10.0,11.0,9.0,7.0,2.0,5.0,4.0,8.0,6.0,9.0,6.0,5.0,3.0,4.0,9.0,7.0,1.0,5.0,1.0,6.0
D8_Dox_C1_GCGAGAACATCGATGT-1,94.0,49.0,104.0,37.0,53.0,66.0,52.0,59.0,50.0,49.0,44.0,26.0,43.0,21.0,64.0,39.0,32.0,22.0,42.0,21.0,22.0,23.0,26.0,22.0,30.0
D8_Dox_C2_GTGCAGCCAGGGTATG-1,37.0,20.0,40.0,7.0,26.0,37.0,48.0,15.0,11.0,29.0,14.0,38.0,33.0,28.0,35.0,3.0,15.0,19.0,12.0,8.0,9.0,10.0,11.0,14.0,22.0
D8_Dox_C1_CGTCAGGCATACCATG-1,70.0,91.0,28.0,34.0,38.0,49.0,48.0,39.0,26.0,42.0,35.0,32.0,21.0,40.0,18.0,15.0,31.0,29.0,13.0,21.0,22.0,23.0,17.0,9.0,10.0
D8_Dox_C2_TCTGAGAAGCCTATGT-1,21.0,25.0,8.0,13.0,17.0,17.0,7.0,10.0,19.0,5.0,11.0,9.0,7.0,10.0,15.0,2.0,3.0,3.0,5.0,3.0,7.0,4.0,7.0,4.0,6.0
D8_Dox_C1_GTCAAGTAGGAACTGC-1,33.0,33.0,37.0,11.0,36.0,29.0,37.0,27.0,16.0,25.0,13.0,7.0,15.0,12.0,39.0,1.0,15.0,12.0,12.0,8.0,18.0,18.0,8.0,10.0,17.0
D8_Dox_C1_CTACATTAGAAGGTGA-1,33.0,23.0,2.0,9.0,14.0,21.0,24.0,21.0,12.0,27.0,10.0,11.0,18.0,15.0,9.0,4.0,15.0,9.0,9.0,6.0,12.0,9.0,7.0,8.0,7.0
D8_Dox_C2_CCTTACGGTAACGACG-1,26.0,29.0,17.0,19.0,22.0,23.0,28.0,17.0,19.0,16.0,12.0,13.0,13.0,9.0,19.0,3.0,10.0,11.0,8.0,3.0,7.0,11.0,9.0,9.0,8.0
D8_Dox_C1_TTTACTGCAACGATCT-1,54.0,28.0,24.0,15.0,25.0,27.0,18.0,18.0,19.0,18.0,19.0,10.0,11.0,9.0,12.0,4.0,10.0,11.0,10.0,3.0,8.0,16.0,10.0,18.0,7.0
D8_Dox_C1_GGGATGAAGTACGTTC-1,30.0,35.0,39.0,9.0,14.0,25.0,19.0,10.0,19.0,9.0,14.0,12.0,3.0,7.0,1.0,15.0,10.0,9.0,6.0,12.0,2.0,6.0,3.0,8.0,3.0
D8_Dox_C2_TACTTGTTCGCCCTTA-1,50.0,26.0,10.0,13.0,17.0,25.0,23.0,16.0,17.0,11.0,19.0,20.0,7.0,5.0,2.0,5.0,8.0,11.0,4.0,7.0,6.0,10.0,8.0,9.0,2.0
D8_Dox_C1_TGTTCCGGTCAACTGT-1,27.0,19.0,44.0,21.0,28.0,29.0,16.0,13.0,17.0,15.0,11.0,17.0,27.0,20.0,20.0,7.0,14.0,9.0,12.0,5.0,8.0,22.0,8.0,5.0,9.0
D8_Dox_C1_ACACCGGAGATCGGGT-1,18.0,12.0,19.0,28.0,8.0,14.0,4.0,4.0,3.0,6.0,6.0,3.0,6.0,5.0,1.0,27.0,2.0,2.0,3.0,24.0,1.0,3.0,2.0,7.0,3.0
D8_Dox_C2_AAGGCAGAGTCAAGGC-1,49.0,19.0,28.0,26.0,17.0,22.0,33.0,17.0,25.0,26.0,19.0,17.0,10.0,10.0,9.0,11.0,29.0,6.0,6.0,5.0,5.0,10.0,7.0,7.0,7.0
D8_Dox_C2_GACCAATTCCCTAATT-1,35.0,41.0,32.0,27.0,28.0,10.0,12.0,32.0,17.0,8.0,17.0,11.0,15.0,10.0,15.0,1.0,0.0,10.0,6.0,7.0,4.0,4.0,2.0,8.0,14.0
D8_Dox_C2_GCAAACTGTATTAGCC-1,29.0,47.0,35.0,12.0,21.0,12.0,10.0,15.0,14.0,16.0,14.0,19.0,26.0,11.0,22.0,1.0,7.0,3.0,12.0,2.0,7.0,10.0,6.0,10.0,11.0
D8_Dox_C1_AACCGCGCAATGCCAT-1,29.0,31.0,21.0,6.0,30.0,30.0,20.0,21.0,12.0,25.0,15.0,12.0,16.0,10.0,8.0,7.0,8.0,7.0,5.0,24.0,4.0,6.0,5.0,4.0,3.0
D8_Dox_C1_CACTCCATCAGTTGAC-1,57.0,40.0,29.0,187.0,29.0,33.0,46.0,24.0,28.0,24.0,20.0,15.0,9.0,43.0,16.0,78.0,19.0,22.0,14.0,31.0,24.0,14.0,13.0,11.0,10.0
D8_Dox_C1_CACCAGGTCACGAAGG-1,98.0,88.0,46.0,51.0,28.0,47.0,45.0,42.0,39.0,43.0,43.0,23.0,23.0,13.0,3.0,65.0,28.0,24.0,13.0,11.0,13.0,12.0,10.0,13.0,9.0
D8_Dox_C2_TACCTATCAATAAGCA-1,33.0,55.0,28.0,9.0,22.0,14.0,12.0,15.0,19.0,9.0,9.0,13.0,17.0,11.0,15.0,3.0,7.0,12.0,5.0,11.0,10.0,6.0,8.0,8.0,15.0
D8_Dox_C1_CGTTAGAGTGCGGTAA-1,94.0,80.0,209.0,80.0,26.0,41.0,35.0,43.0,25.0,19.0,26.0,17.0,7.0,22.0,8.0,32.0,27.0,17.0,20.0,29.0,22.0,0.0,6.0,10.0,13.0
D8_Dox_C2_CATCGAACACGAAACG-1,38.0,65.0,53.0,43.0,42.0,24.0,31.0,24.0,26.0,29.0,21.0,31.0,29.0,9.0,21.0,4.0,22.0,23.0,43.0,18.0,14.0,25.0,11.0,11.0,9.0
D8_Dox_C2_ACCGTAAAGCTAGTGG-1,32.0,19.0,28.0,8.0,24.0,19.0,19.0,10.0,12.0,10.0,19.0,15.0,5.0,14.0,11.0,1.0,20.0,7.0,12.0,1.0,10.0,5.0,6.0,6.0,7.0
D8_Dox_C2_TGGTTAGGTGGTCCGT-1,22.0,29.0,14.0,6.0,25.0,16.0,15.0,22.0,16.0,11.0,9.0,11.0,18.0,10.0,4.0,1.0,12.0,12.0,9.0,4.0,6.0,10.0,8.0,5.0,6.0
D8_Dox_C2_GCAATCATCAGCATGT-1,36.0,20.0,8.0,18.0,22.0,22.0,10.0,19.0,14.0,18.0,14.0,29.0,20.0,15.0,12.0,4.0,12.0,18.0,5.0,3.0,3.0,13.0,14.0,9.0,4.0
D8_Dox_C2_ACGATGTAGTAGCGGT-1,30.0,25.0,12.0,3.0,25.0,18.0,14.0,15.0,17.0,12.0,14.0,11.0,10.0,5.0,18.0,1.0,7.0,4.0,5.0,5.0,6.0,7.0,12.0,6.0,13.0
D8_Dox_C1_CTAGTGATCCTGTACC-1,52.0,35.0,45.0,2.0,32.0,24.0,29.0,24.0,16.0,24.0,21.0,13.0,35.0,15.0,12.0,3.0,17.0,8.0,10.0,8.0,11.0,16.0,16.0,5.0,12.0
D8_Dox_C1_CTGCCTAGTACTCTCC-1,33.0,61.0,18.0,10.0,26.0,9.0,19.0,25.0,17.0,22.0,12.0,22.0,37.0,17.0,35.0,3.0,14.0,15.0,22.0,5.0,13.0,12.0,16.0,9.0,19.0
D8_Dox_C1_GTTCGGGTCTTGGGTA-1,29.0,8.0,8.0,1.0,11.0,21.0,5.0,15.0,5.0,11.0,13.0,7.0,17.0,13.0,4.0,3.0,4.0,10.0,3.0,4.0,7.0,5.0,5.0,5.0,5.0
D8_Dox_C1_TCAATCTTCGCCATAA-1,31.0,21.0,4.0,25.0,26.0,21.0,19.0,27.0,13.0,20.0,17.0,21.0,5.0,13.0,13.0,10.0,9.0,4.0,5.0,4.0,8.0,3.0,8.0,12.0,8.0
D8_Dox_C2_AAAGATGAGAAGAAGC-1,31.0,12.0,11.0,0.0,15.0,4.0,8.0,5.0,13.0,10.0,5.0,8.0,5.0,16.0,5.0,0.0,10.0,6.0,7.0,4.0,2.0,5.0,5.0,1.0,11.0
D8_Dox_C2_GCCTCTACAAGCCATT-1,71.0,113.0,78.0,30.0,50.0,51.0,64.0,32.0,39.0,32.0,40.0,45.0,28.0,40.0,30.0,7.0,73.0,27.0,28.0,20.0,12.0,11.0,18.0,21.0,11.0
D8_Dox_C1_TTTACTGAGGCATGTG-1,21.0,41.0,24.0,14.0,7.0,20.0,4.0,6.0,12.0,10.0,7.0,4.0,1.0,4.0,2.0,17.0,8.0,10.0,6.0,3.0,7.0,3.0,4.0,3.0,3.0
D8_Dox_C1_AGTGTCATCTTGAGGT-1,29.0,52.0,139.0,20.0,18.0,26.0,22.0,11.0,17.0,13.0,26.0,19.0,10.0,11.0,2.0,14.0,14.0,10.0,16.0,40.0,5.0,10.0,7.0,12.0,7.0
D8_Dox_C2_CGATGGCAGAAGATTC-1,66.0,41.0,4.0,8.0,29.0,31.0,29.0,22.0,15.0,13.0,24.0,12.0,17.0,26.0,22.0,4.0,23.0,18.0,13.0,7.0,8.0,6.0,10.0,12.0,12.0
D8_Dox_C1_AACTTTCCACGGCTAC-1,30.0,29.0,48.0,26.0,15.0,15.0,4.0,8.0,13.0,6.0,14.0,7.0,6.0,12.0,4.0,10.0,2.0,7.0,18.0,7.0,7.0,6.0,5.0,4.0,5.0
D8_Dox_C1_GGACAGAGTGTTCGAT-1,30.0,11.0,7.0,5.0,19.0,21.0,33.0,13.0,15.0,21.0,10.0,8.0,12.0,21.0,13.0,4.0,14.0,10.0,4.0,7.0,14.0,8.0,15.0,6.0,4.0
D8_Dox_C2_ACTGATGGTTGGTTTG-1,38.0,26.0,26.0,5.0,18.0,20.0,11.0,10.0,17.0,11.0,10.0,13.0,10.0,10.0,21.0,3.0,7.0,3.0,7.0,6.0,9.0,8.0,7.0,10.0,15.0
D8_Dox_C2_CAGCTGGGTCACTTCC-1,35.0,61.0,23.0,15.0,42.0,25.0,17.0,26.0,24.0,33.0,22.0,17.0,38.0,8.0,19.0,3.0,11.0,11.0,21.0,54.0,3.0,25.0,6.0,11.0,9.0
D8_Dox_C1_TACAGTGTCTAGAGTC-1,24.0,13.0,29.0,13.0,19.0,14.0,20.0,14.0,13.0,15.0,11.0,11.0,14.0,7.0,16.0,14.0,9.0,5.0,3.0,8.0,7.0,3.0,6.0,4.0,7.0
D8_Dox_C2_AAGGAGCCAGGTCTCG-1,44.0,18.0,37.0,15.0,24.0,23.0,24.0,17.0,24.0,14.0,15.0,12.0,24.0,14.0,26.0,3.0,12.0,11.0,13.0,9.0,8.0,14.0,9.0,11.0,10.0
D8_Dox_C2_CTGCTGTTCCGCGTTT-1,44.0,40.0,26.0,30.0,30.0,26.0,21.0,22.0,9.0,14.0,22.0,27.0,12.0,14.0,9.0,7.0,23.0,8.0,7.0,10.0,9.0,7.0,10.0,12.0,3.0
D8_Dox_C1_CTCGGGACACATAACC-1,45.0,22.0,42.0,17.0,23.0,27.0,25.0,17.0,20.0,19.0,12.0,19.0,15.0,14.0,17.0,16.0,5.0,11.0,10.0,8.0,9.0,6.0,8.0,10.0,8.0
D8_Dox_C1_CAACTAGAGACCCACC-1,61.0,35.0,35.0,6.0,36.0,41.0,26.0,30.0,34.0,20.0,28.0,14.0,13.0,19.0,17.0,16.0,17.0,18.0,19.0,12.0,22.0,16.0,16.0,16.0,15.0
D8_Dox_C1_ATTGGACAGATCGATA-1,151.0,91.0,21.0,79.0,63.0,73.0,74.0,68.0,41.0,71.0,46.0,54.0,32.0,42.0,12.0,40.0,36.0,24.0,42.0,34.0,25.0,23.0,25.0,28.0,18.0
D8_Dox_C2_ACTGATGGTCGATTGT-1,37.0,29.0,34.0,16.0,12.0,15.0,26.0,19.0,16.0,13.0,15.0,6.0,6.0,16.0,13.0,10.0,6.0,12.0,18.0,4.0,3.0,7.0,6.0,6.0,7.0
D8_Dox_C2_AAGGCAGAGCTGAAAT-1,37.0,18.0,47.0,30.0,19.0,20.0,41.0,16.0,19.0,15.0,19.0,13.0,6.0,10.0,17.0,6.0,11.0,12.0,5.0,14.0,5.0,11.0,8.0,7.0,5.0
D8_Dox_C1_GCATACAGTCGAATCT-1,30.0,12.0,50.0,5.0,13.0,18.0,17.0,8.0,9.0,9.0,7.0,3.0,7.0,10.0,2.0,20.0,4.0,7.0,11.0,37.0,9.0,6.0,8.0,7.0,6.0
D8_Dox_C1_AGTCTTTCAATGTTGC-1,40.0,26.0,20.0,42.0,16.0,23.0,38.0,19.0,12.0,17.0,13.0,19.0,12.0,12.0,17.0,15.0,10.0,14.0,14.0,21.0,15.0,11.0,12.0,12.0,5.0
D8_Dox_C2_TGCTACCTCGACGGAA-1,41.0,11.0,7.0,17.0,36.0,12.0,20.0,15.0,18.0,12.0,10.0,13.0,9.0,9.0,14.0,3.0,9.0,14.0,4.0,2.0,6.0,8.0,10.0,6.0,6.0
D8_Dox_C2_CTCGGGACAGACGCTC-1,37.0,28.0,21.0,18.0,14.0,20.0,24.0,7.0,15.0,16.0,19.0,23.0,9.0,10.0,14.0,12.0,5.0,13.0,6.0,13.0,9.0,5.0,6.0,6.0,9.0
D8_Dox_C1_CATCGGGAGCGTAGTG-1,53.0,41.0,24.0,25.0,22.0,36.0,26.0,14.0,21.0,12.0,16.0,12.0,6.0,12.0,8.0,26.0,11.0,12.0,15.0,12.0,11.0,7.0,6.0,9.0,7.0
D8_Dox_C1_TTGCGTCGTTGGTTTG-1,28.0,19.0,10.0,16.0,13.0,10.0,7.0,9.0,8.0,11.0,7.0,5.0,10.0,10.0,10.0,5.0,8.0,10.0,10.0,4.0,3.0,4.0,6.0,12.0,2.0
D8_Dox_C2_CTCTACGCACATTAGC-1,31.0,30.0,15.0,17.0,19.0,28.0,28.0,15.0,16.0,25.0,19.0,24.0,38.0,15.0,33.0,2.0,14.0,12.0,18.0,14.0,3.0,11.0,9.0,5.0,10.0
D8_Dox_C1_GCATGTAGTTTGGCGC-1,48.0,33.0,15.0,8.0,46.0,29.0,14.0,20.0,26.0,26.0,15.0,25.0,37.0,13.0,18.0,5.0,12.0,13.0,14.0,11.0,14.0,16.0,9.0,7.0,10.0
D8_Dox_C1_CTTTGCGGTCATACTG-1,57.0,72.0,109.0,71.0,27.0,26.0,32.0,28.0,26.0,18.0,19.0,12.0,5.0,19.0,1.0,36.0,20.0,9.0,9.0,17.0,16.0,5.0,8.0,13.0,11.0
D8_Dox_C1_GCTCTGTTCGTCGTTC-1,33.0,47.0,10.0,14.0,16.0,24.0,12.0,11.0,21.0,14.0,14.0,6.0,11.0,16.0,13.0,5.0,4.0,9.0,4.0,13.0,10.0,4.0,7.0,5.0,11.0
D8_Dox_C2_GAAATGATCCTCTAGC-1,38.0,56.0,65.0,12.0,29.0,21.0,1.0,33.0,22.0,15.0,19.0,10.0,23.0,9.0,5.0,8.0,1.0,13.0,16.0,8.0,4.0,11.0,6.0,4.0,14.0
D8_Dox_C2_CTAATGGGTGAGGGAG-1,70.0,60.0,56.0,32.0,21.0,29.0,31.0,17.0,29.0,11.0,12.0,11.0,7.0,10.0,8.0,13.0,16.0,9.0,5.0,9.0,7.0,2.0,16.0,11.0,9.0
D8_Dox_C1_CCCATACGTCAATACC-1,43.0,12.0,75.0,11.0,15.0,17.0,15.0,19.0,9.0,8.0,15.0,9.0,8.0,18.0,2.0,15.0,9.0,14.0,10.0,38.0,7.0,3.0,2.0,5.0,5.0
D8_Dox_C2_CGGCTAGGTTTGGGCC-1,44.0,30.0,25.0,9.0,36.0,18.0,17.0,25.0,31.0,20.0,11.0,26.0,20.0,14.0,12.0,3.0,14.0,10.0,6.0,3.0,8.0,12.0,15.0,10.0,17.0
D8_Dox_C2_GTCCTCAAGAGGACGG-1,68.0,41.0,47.0,61.0,29.0,38.0,29.0,37.0,40.0,23.0,17.0,12.0,4.0,14.0,5.0,42.0,7.0,18.0,23.0,8.0,11.0,7.0,9.0,9.0,10.0
D8_Dox_C2_GTCATTTTCGCCAAAT-1,47.0,40.0,21.0,3.0,25.0,21.0,8.0,17.0,15.0,13.0,15.0,15.0,17.0,8.0,19.0,9.0,8.0,10.0,8.0,7.0,8.0,4.0,6.0,10.0,6.0
D8_Dox_C2_CCTTTCTTCGTCGTTC-1,35.0,14.0,30.0,12.0,23.0,11.0,10.0,13.0,10.0,13.0,7.0,12.0,11.0,8.0,16.0,4.0,4.0,14.0,4.0,6.0,2.0,5.0,10.0,6.0,10.0
D8_Dox_C1_TCCACACCAGTCGTGC-1,41.0,25.0,17.0,6.0,40.0,17.0,17.0,14.0,17.0,13.0,18.0,15.0,15.0,16.0,19.0,8.0,9.0,9.0,14.0,6.0,5.0,6.0,4.0,6.0,8.0
D8_Dox_C1_TTTACTGAGGAGTCTG-1,29.0,33.0,17.0,5.0,26.0,24.0,23.0,12.0,8.0,15.0,8.0,16.0,25.0,9.0,8.0,4.0,14.0,9.0,4.0,26.0,9.0,19.0,7.0,9.0,7.0
D8_Dox_C1_TGACAACTCGTAGGTT-1,38.0,47.0,67.0,26.0,23.0,22.0,18.0,33.0,24.0,19.0,18.0,17.0,9.0,15.0,2.0,20.0,6.0,8.0,14.0,21.0,10.0,10.0,8.0,6.0,8.0
D8_Dox_C2_TTTGGTTGTATAGTAG-1,50.0,31.0,63.0,24.0,39.0,29.0,27.0,30.0,14.0,33.0,25.0,27.0,17.0,13.0,16.0,3.0,25.0,11.0,19.0,17.0,10.0,16.0,5.0,6.0,9.0
D8_Dox_C1_CCCAGTTGTCTAGAGG-1,71.0,78.0,35.0,45.0,44.0,32.0,46.0,28.0,31.0,32.0,22.0,21.0,30.0,16.0,40.0,12.0,15.0,14.0,18.0,18.0,19.0,12.0,9.0,6.0,13.0
D8_Dox_C1_CATTATCAGTGGGATC-1,18.0,8.0,0.0,5.0,17.0,14.0,7.0,11.0,6.0,12.0,10.0,5.0,1.0,4.0,0.0,5.0,3.0,4.0,1.0,11.0,1.0,5.0,5.0,4.0,5.0
D8_Dox_C1_CATGACACATCACCCT-1,95.0,83.0,46.0,33.0,51.0,48.0,30.0,48.0,35.0,55.0,41.0,41.0,52.0,19.0,27.0,43.0,21.0,20.0,19.0,24.0,20.0,29.0,14.0,25.0,12.0
D8_Dox_C2_CCATTCGAGTGGTAAT-1,79.0,59.0,44.0,68.0,37.0,41.0,35.0,26.0,25.0,25.0,36.0,27.0,12.0,17.0,14.0,40.0,10.0,18.0,8.0,7.0,23.0,13.0,10.0,11.0,16.0
D8_Dox_C2_GATGAGGGTTATGTGC-1,40.0,53.0,16.0,32.0,17.0,23.0,31.0,27.0,17.0,23.0,22.0,16.0,11.0,10.0,22.0,17.0,13.0,16.0,11.0,12.0,17.0,6.0,7.0,16.0,13.0
D8_Dox_C1_CGACTTCCAGTGAGTG-1,50.0,32.0,14.0,7.0,23.0,21.0,11.0,17.0,17.0,14.0,17.0,16.0,17.0,11.0,8.0,7.0,5.0,13.0,2.0,5.0,5.0,6.0,7.0,7.0,7.0
D8_Dox_C1_TAGACCACATTCTTAC-1,33.0,20.0,18.0,30.0,6.0,10.0,21.0,12.0,9.0,7.0,7.0,8.0,0.0,5.0,5.0,12.0,4.0,6.0,8.0,11.0,14.0,3.0,5.0,4.0,12.0
D8_Dox_C2_CGTTAGACAACACCTA-1,22.0,10.0,6.0,13.0,21.0,13.0,17.0,14.0,10.0,11.0,13.0,8.0,19.0,9.0,20.0,3.0,1.0,7.0,4.0,5.0,4.0,6.0,6.0,7.0,5.0
D8_Dox_C1_CACAAACAGTTCCACA-1,49.0,37.0,111.0,51.0,22.0,32.0,30.0,28.0,23.0,46.0,28.0,26.0,26.0,14.0,27.0,8.0,17.0,22.0,16.0,10.0,14.0,27.0,11.0,12.0,14.0
D8_Dox_C2_AATCGGTCAGGTCGTC-1,26.0,16.0,3.0,10.0,17.0,19.0,13.0,9.0,19.0,10.0,12.0,16.0,18.0,13.0,3.0,2.0,15.0,8.0,3.0,3.0,5.0,5.0,8.0,8.0,5.0
D8_Dox_C1_AGTGTCAGTTAGAACA-1,39.0,30.0,32.0,5.0,20.0,17.0,13.0,14.0,11.0,20.0,16.0,12.0,9.0,8.0,10.0,5.0,10.0,6.0,11.0,10.0,4.0,15.0,2.0,9.0,7.0
D8_Dox_C1_AAAGATGCACCAACCG-1,20.0,37.0,83.0,60.0,15.0,28.0,18.0,14.0,28.0,12.0,17.0,7.0,24.0,6.0,15.0,3.0,7.0,5.0,17.0,8.0,10.0,4.0,14.0,4.0,12.0
D8_Dox_C1_AAAGTAGAGACACGAC-1,27.0,17.0,15.0,45.0,13.0,21.0,23.0,13.0,12.0,6.0,11.0,13.0,5.0,11.0,8.0,3.0,7.0,7.0,5.0,6.0,7.0,5.0,10.0,10.0,4.0
D8_Dox_C2_CTTTGCGCAGGTGGAT-1,26.0,19.0,1.0,8.0,15.0,10.0,5.0,21.0,12.0,6.0,7.0,10.0,7.0,6.0,0.0,7.0,11.0,2.0,2.0,1.0,9.0,3.0,4.0,5.0,2.0
D8_Dox_C2_GACTGCGGTCTAGCGC-1,19.0,13.0,27.0,21.0,23.0,12.0,7.0,13.0,14.0,6.0,17.0,11.0,27.0,13.0,4.0,1.0,1.0,9.0,7.0,3.0,5.0,9.0,4.0,4.0,4.0
D8_Dox_C1_AAACGGGAGCTGAACG-1,93.0,72.0,92.0,111.0,24.0,54.0,33.0,35.0,55.0,20.0,36.0,17.0,14.0,25.0,3.0,68.0,20.0,19.0,44.0,17.0,17.0,16.0,7.0,10.0,9.0
D8_Dox_C1_ACGGGTCAGACAAAGG-1,34.0,24.0,2.0,5.0,26.0,20.0,16.0,17.0,9.0,15.0,19.0,16.0,12.0,14.0,24.0,3.0,8.0,15.0,9.0,2.0,14.0,8.0,12.0,7.0,10.0
D8_Dox_C1_TCGCGAGTCTACCTGC-1,45.0,30.0,27.0,36.0,19.0,20.0,16.0,31.0,34.0,24.0,20.0,16.0,19.0,7.0,7.0,37.0,6.0,4.0,26.0,12.0,7.0,11.0,7.0,13.0,5.0
D8_Dox_C2_TCGGGACCAACAACCT-1,19.0,31.0,44.0,20.0,24.0,10.0,6.0,18.0,16.0,7.0,4.0,9.0,8.0,7.0,6.0,8.0,12.0,5.0,9.0,1.0,10.0,4.0,9.0,12.0,4.0
D8_Dox_C1_TAGCCGGAGAATCTCC-1,30.0,25.0,31.0,0.0,25.0,23.0,21.0,17.0,23.0,16.0,11.0,16.0,16.0,15.0,12.0,3.0,9.0,7.0,8.0,7.0,7.0,3.0,14.0,7.0,10.0
D8_Dox_C2_CGTCCATCATGGTAGG-1,44.0,48.0,47.0,90.0,20.0,24.0,28.0,18.0,32.0,15.0,14.0,12.0,8.0,14.0,9.0,25.0,10.0,9.0,12.0,8.0,10.0,6.0,14.0,5.0,7.0
D8_Dox_C2_ACGCCGACAGCAGTTT-1,43.0,34.0,27.0,25.0,19.0,19.0,36.0,19.0,21.0,22.0,22.0,14.0,14.0,16.0,5.0,4.0,17.0,17.0,7.0,10.0,11.0,13.0,10.0,10.0,5.0
D8_Dox_C2_CTAAGACTCGATCCCT-1,43.0,28.0,69.0,34.0,28.0,9.0,17.0,13.0,11.0,15.0,21.0,12.0,15.0,9.0,21.0,13.0,7.0,13.0,6.0,3.0,5.0,7.0,11.0,11.0,19.0
D8_Dox_C2_CCCTCCTCATCGTCGG-1,44.0,97.0,18.0,14.0,38.0,25.0,18.0,34.0,30.0,20.0,21.0,34.0,6.0,23.0,15.0,15.0,25.0,14.0,12.0,4.0,13.0,4.0,6.0,16.0,7.0
D8_Dox_C1_CACTCCACACGTAAGG-1,30.0,31.0,30.0,18.0,15.0,34.0,12.0,19.0,15.0,15.0,9.0,6.0,6.0,17.0,2.0,12.0,3.0,7.0,5.0,1.0,7.0,7.0,8.0,1.0,9.0
D8_Dox_C2_CCTAAAGTCGCCAGCA-1,26.0,15.0,32.0,19.0,22.0,18.0,17.0,18.0,14.0,10.0,15.0,12.0,16.0,9.0,21.0,3.0,9.0,11.0,10.0,3.0,6.0,6.0,5.0,6.0,5.0
D8_Dox_C2_CCAATCCTCGCAAGCC-1,53.0,23.0,12.0,48.0,38.0,32.0,23.0,28.0,30.0,35.0,28.0,25.0,26.0,18.0,19.0,3.0,12.0,17.0,22.0,1.0,9.0,16.0,14.0,9.0,9.0
D8_Dox_C1_GAATAAGTCACCGGGT-1,43.0,72.0,33.0,12.0,35.0,33.0,18.0,31.0,18.0,41.0,23.0,8.0,46.0,9.0,7.0,16.0,10.0,11.0,15.0,57.0,5.0,29.0,11.0,14.0,6.0
D8_Dox_C2_ACATGGTCAAAGCAAT-1,61.0,26.0,35.0,18.0,35.0,28.0,10.0,28.0,26.0,16.0,20.0,21.0,8.0,13.0,13.0,7.0,13.0,13.0,12.0,3.0,12.0,15.0,15.0,7.0,10.0
D8_Dox_C1_CTCTACGAGCCACCTG-1,45.0,29.0,32.0,8.0,23.0,27.0,24.0,21.0,31.0,29.0,20.0,8.0,24.0,15.0,12.0,10.0,23.0,14.0,2.0,8.0,10.0,11.0,15.0,18.0,12.0
D8_Dox_C2_TCACGAACATCGGTTA-1,41.0,20.0,2.0,13.0,17.0,25.0,27.0,24.0,17.0,25.0,19.0,28.0,28.0,27.0,18.0,1.0,20.0,16.0,8.0,12.0,14.0,13.0,12.0,16.0,12.0
D8_Dox_C1_TCAATCTGTGAAATCA-1,29.0,21.0,25.0,22.0,16.0,9.0,14.0,25.0,21.0,9.0,13.0,13.0,9.0,11.0,11.0,3.0,10.0,6.0,11.0,8.0,7.0,6.0,4.0,3.0,4.0
D8_Dox_C1_CAGGTGCCAAGTCATC-1,27.0,30.0,155.0,22.0,22.0,15.0,7.0,16.0,20.0,16.0,12.0,12.0,9.0,7.0,6.0,37.0,5.0,13.0,15.0,8.0,3.0,3.0,9.0,8.0,7.0
D8_Dox_C2_TCTTCGGAGTCGTTTG-1,24.0,21.0,18.0,5.0,11.0,10.0,25.0,6.0,11.0,12.0,11.0,4.0,9.0,6.0,10.0,2.0,6.0,3.0,3.0,4.0,4.0,4.0,13.0,4.0,10.0
D8_Dox_C2_GTACGTAGTAGCGTCC-1,60.0,22.0,7.0,9.0,35.0,34.0,11.0,30.0,23.0,16.0,26.0,30.0,5.0,13.0,2.0,9.0,3.0,13.0,2.0,2.0,11.0,0.0,12.0,12.0,5.0
D8_Dox_C1_GATCTAGGTCTGATCA-1,35.0,40.0,28.0,19.0,15.0,18.0,5.0,23.0,12.0,12.0,13.0,9.0,5.0,12.0,4.0,8.0,4.0,7.0,8.0,1.0,4.0,2.0,3.0,12.0,7.0
D8_Dox_C1_TAGGCATCACCGGAAA-1,44.0,52.0,31.0,29.0,25.0,39.0,65.0,32.0,28.0,36.0,29.0,33.0,27.0,21.0,40.0,24.0,27.0,21.0,13.0,17.0,15.0,14.0,15.0,15.0,9.0
D8_Dox_C2_CATATGGCATTACGAC-1,38.0,32.0,36.0,16.0,29.0,12.0,27.0,29.0,28.0,27.0,21.0,17.0,18.0,12.0,22.0,3.0,14.0,8.0,15.0,6.0,11.0,15.0,10.0,9.0,13.0
D8_Dox_C2_GCAATCATCGGTCCGA-1,5.0,39.0,27.0,29.0,13.0,7.0,8.0,5.0,10.0,6.0,4.0,0.0,4.0,4.0,7.0,6.0,1.0,5.0,6.0,1.0,1.0,4.0,3.0,6.0,11.0
D8_Dox_C1_GTCGGGTCATAGTAAG-1,45.0,45.0,58.0,28.0,11.0,22.0,11.0,25.0,14.0,11.0,14.0,12.0,4.0,17.0,5.0,23.0,10.0,13.0,7.0,12.0,10.0,8.0,7.0,6.0,7.0
D8_Dox_C1_CCTAAAGGTCTAGGTT-1,51.0,88.0,36.0,58.0,24.0,28.0,18.0,23.0,17.0,9.0,14.0,15.0,4.0,10.0,6.0,25.0,4.0,6.0,11.0,20.0,22.0,8.0,8.0,5.0,8.0
D8_Dox_C1_GGCCGATGTGTGCCTG-1,77.0,56.0,36.0,11.0,65.0,33.0,47.0,24.0,36.0,35.0,35.0,43.0,40.0,28.0,22.0,3.0,22.0,19.0,18.0,11.0,25.0,17.0,15.0,15.0,11.0
D8_Dox_C1_CAGAGAGAGGACCACA-1,66.0,81.0,144.0,10.0,32.0,33.0,19.0,28.0,27.0,21.0,19.0,11.0,23.0,10.0,14.0,18.0,7.0,9.0,12.0,16.0,7.0,8.0,12.0,22.0,18.0
D8_Dox_C1_AGGTCCGCATATACGC-1,21.0,22.0,21.0,8.0,10.0,18.0,8.0,9.0,11.0,7.0,12.0,10.0,10.0,11.0,22.0,5.0,10.0,5.0,11.0,7.0,13.0,8.0,9.0,6.0,14.0
D8_Dox_C1_TGACAACAGTAAGTAC-1,50.0,46.0,8.0,23.0,25.0,29.0,7.0,24.0,15.0,31.0,19.0,11.0,5.0,9.0,2.0,14.0,7.0,10.0,1.0,3.0,8.0,12.0,11.0,7.0,6.0
D8_Dox_C2_AAGGCAGTCACTTCAT-1,36.0,12.0,37.0,159.0,6.0,13.0,18.0,4.0,9.0,7.0,11.0,11.0,10.0,9.0,4.0,28.0,7.0,8.0,6.0,15.0,6.0,12.0,7.0,4.0,7.0
D8_Dox_C2_CATCGGGCACAGGAGT-1,73.0,55.0,23.0,21.0,49.0,41.0,22.0,40.0,41.0,18.0,28.0,26.0,15.0,18.0,7.0,15.0,27.0,20.0,16.0,6.0,19.0,14.0,12.0,18.0,10.0
D8_Dox_C1_CTTGGCTTCGCTTAGA-1,44.0,33.0,13.0,10.0,26.0,25.0,33.0,11.0,24.0,22.0,13.0,23.0,22.0,14.0,15.0,6.0,23.0,12.0,9.0,5.0,12.0,6.0,13.0,11.0,11.0
D8_Dox_C2_TCAGATGGTCTCTCGT-1,35.0,41.0,45.0,24.0,17.0,20.0,24.0,12.0,17.0,17.0,10.0,5.0,12.0,8.0,19.0,8.0,4.0,8.0,9.0,9.0,9.0,2.0,10.0,5.0,6.0
D8_Dox_C1_CCATTCGCACGAGGTA-1,23.0,28.0,7.0,13.0,15.0,19.0,17.0,19.0,16.0,17.0,16.0,14.0,4.0,10.0,6.0,7.0,5.0,12.0,5.0,2.0,7.0,13.0,12.0,12.0,6.0
D8_Dox_C2_ACGGCCATCTCCTATA-1,24.0,15.0,23.0,6.0,28.0,12.0,11.0,12.0,23.0,14.0,11.0,9.0,28.0,4.0,15.0,3.0,10.0,8.0,4.0,2.0,6.0,12.0,11.0,9.0,3.0
D8_Dox_C2_GATCGATCACAAGCCC-1,38.0,17.0,16.0,13.0,19.0,7.0,4.0,9.0,7.0,11.0,9.0,10.0,3.0,4.0,5.0,6.0,7.0,12.0,4.0,0.0,4.0,2.0,5.0,5.0,11.0
D8_Dox_C1_CCTATTAGTCATCCCT-1,44.0,70.0,94.0,148.0,17.0,21.0,37.0,29.0,23.0,30.0,14.0,15.0,14.0,14.0,19.0,38.0,22.0,15.0,46.0,38.0,16.0,6.0,12.0,4.0,7.0
D8_Dox_C1_CAAGAAAAGTTGTAGA-1,31.0,35.0,10.0,14.0,27.0,16.0,24.0,17.0,20.0,14.0,17.0,9.0,22.0,10.0,12.0,2.0,18.0,9.0,7.0,4.0,7.0,7.0,8.0,3.0,13.0
D8_Dox_C1_CACATAGGTCAAACTC-1,111.0,68.0,84.0,30.0,36.0,50.0,52.0,48.0,33.0,62.0,34.0,27.0,54.0,38.0,33.0,27.0,22.0,27.0,36.0,42.0,12.0,21.0,29.0,15.0,19.0
D8_Dox_C2_CGCTATCTCGCGTTTC-1,32.0,61.0,26.0,39.0,23.0,18.0,8.0,12.0,23.0,7.0,11.0,12.0,7.0,9.0,2.0,13.0,5.0,10.0,9.0,1.0,6.0,1.0,6.0,3.0,1.0
D8_Dox_C2_CGTCTACCAGTAAGCG-1,20.0,63.0,29.0,11.0,16.0,14.0,27.0,9.0,18.0,14.0,11.0,6.0,7.0,20.0,23.0,6.0,7.0,11.0,10.0,4.0,8.0,6.0,10.0,4.0,10.0
D8_Dox_C2_GTCGGGTGTCATGCAT-1,46.0,43.0,38.0,8.0,39.0,19.0,14.0,18.0,26.0,22.0,20.0,18.0,17.0,5.0,11.0,5.0,18.0,18.0,15.0,4.0,6.0,15.0,6.0,13.0,13.0
D8_Dox_C2_GGCTGGTCATGCGCAC-1,44.0,21.0,6.0,4.0,25.0,18.0,10.0,23.0,15.0,15.0,20.0,13.0,3.0,8.0,3.0,18.0,6.0,9.0,0.0,2.0,5.0,2.0,3.0,6.0,1.0
D8_Dox_C1_AAGGAGCGTTCTGGTA-1,36.0,34.0,24.0,14.0,22.0,25.0,14.0,11.0,15.0,6.0,7.0,10.0,8.0,7.0,9.0,7.0,5.0,1.0,12.0,13.0,3.0,7.0,3.0,7.0,14.0
D8_Dox_C1_ACTGAACTCCGCATCT-1,58.0,47.0,70.0,20.0,26.0,44.0,16.0,35.0,29.0,23.0,10.0,24.0,27.0,13.0,12.0,19.0,11.0,13.0,19.0,26.0,9.0,26.0,11.0,17.0,17.0
D8_Dox_C2_CCGGGATAGTGTCCCG-1,9.0,22.0,4.0,10.0,16.0,11.0,12.0,9.0,7.0,7.0,9.0,7.0,3.0,6.0,0.0,0.0,6.0,9.0,5.0,28.0,4.0,4.0,1.0,6.0,3.0
D8_Dox_C1_AGAGTGGGTTGACGTT-1,53.0,32.0,84.0,43.0,18.0,32.0,17.0,24.0,22.0,13.0,14.0,8.0,2.0,7.0,6.0,29.0,5.0,12.0,9.0,5.0,10.0,3.0,6.0,5.0,10.0
D8_Dox_C1_ATTGGACCAGGATTGG-1,36.0,31.0,11.0,5.0,18.0,15.0,20.0,16.0,12.0,10.0,16.0,11.0,16.0,14.0,15.0,9.0,8.0,11.0,7.0,3.0,9.0,3.0,6.0,6.0,7.0
D8_Dox_C1_AGAGTGGGTACACCGC-1,53.0,39.0,20.0,20.0,22.0,13.0,11.0,10.0,20.0,19.0,18.0,11.0,14.0,15.0,6.0,8.0,6.0,8.0,14.0,9.0,10.0,8.0,11.0,8.0,9.0
D8_Dox_C1_CGAACATCAGCCAGAA-1,41.0,13.0,32.0,85.0,11.0,21.0,26.0,17.0,15.0,15.0,14.0,13.0,7.0,15.0,15.0,36.0,2.0,7.0,11.0,5.0,11.0,4.0,8.0,6.0,9.0
D8_Dox_C2_GACCTGGTCACGATGT-1,45.0,28.0,13.0,3.0,38.0,25.0,30.0,36.0,26.0,31.0,24.0,31.0,8.0,48.0,10.0,5.0,28.0,23.0,7.0,7.0,13.0,7.0,9.0,14.0,19.0
D8_Dox_C1_TTGCCGTAGACGCACA-1,28.0,14.0,33.0,6.0,27.0,10.0,12.0,15.0,11.0,13.0,16.0,12.0,22.0,22.0,17.0,2.0,12.0,7.0,9.0,2.0,11.0,11.0,15.0,4.0,16.0
D8_Dox_C2_AAGTCTGGTCTTTCAT-1,38.0,43.0,37.0,6.0,28.0,13.0,23.0,21.0,24.0,24.0,16.0,22.0,22.0,10.0,19.0,3.0,7.0,20.0,21.0,10.0,11.0,21.0,14.0,17.0,6.0
D8_Dox_C1_AGCTCCTTCGGAGCAA-1,21.0,30.0,10.0,2.0,10.0,13.0,7.0,8.0,5.0,9.0,9.0,10.0,15.0,6.0,13.0,2.0,5.0,6.0,2.0,17.0,5.0,14.0,7.0,5.0,6.0
D8_Dox_C2_ATCCGAACACGACTCG-1,30.0,27.0,17.0,6.0,26.0,10.0,10.0,24.0,20.0,10.0,12.0,10.0,18.0,9.0,10.0,3.0,6.0,10.0,3.0,5.0,1.0,12.0,7.0,10.0,11.0
D8_Dox_C1_CAGAATCTCTCGTTTA-1,21.0,26.0,42.0,32.0,11.0,15.0,13.0,13.0,4.0,9.0,14.0,3.0,1.0,15.0,6.0,30.0,11.0,8.0,15.0,10.0,10.0,3.0,3.0,7.0,4.0
D8_Dox_C1_GGAATAAGTATATGGA-1,52.0,44.0,12.0,17.0,38.0,26.0,20.0,24.0,21.0,30.0,17.0,30.0,14.0,22.0,7.0,8.0,23.0,7.0,7.0,36.0,6.0,21.0,22.0,9.0,6.0
D8_Dox_C1_GCTGCTTAGAGAACAG-1,23.0,27.0,16.0,14.0,19.0,26.0,24.0,20.0,22.0,24.0,14.0,9.0,22.0,7.0,21.0,1.0,10.0,8.0,11.0,8.0,15.0,15.0,6.0,8.0,18.0
D8_Dox_C1_TCACAAGGTTCCACTC-1,36.0,38.0,11.0,24.0,13.0,24.0,31.0,16.0,8.0,20.0,21.0,14.0,10.0,24.0,6.0,12.0,17.0,8.0,9.0,7.0,13.0,12.0,9.0,17.0,7.0
D8_Dox_C2_GGAAAGCGTGCACTTA-1,36.0,15.0,6.0,3.0,19.0,20.0,15.0,14.0,20.0,18.0,9.0,11.0,10.0,15.0,11.0,1.0,13.0,5.0,5.0,1.0,9.0,4.0,6.0,5.0,5.0
D8_Dox_C2_TCTTCGGAGCTAGTGG-1,118.0,71.0,58.0,50.0,39.0,58.0,54.0,54.0,53.0,31.0,43.0,39.0,17.0,33.0,8.0,30.0,37.0,39.0,9.0,13.0,20.0,7.0,17.0,18.0,10.0
D8_Dox_C1_GCACTCTCAGCCTATA-1,87.0,74.0,79.0,88.0,46.0,46.0,46.0,31.0,34.0,36.0,33.0,20.0,9.0,26.0,7.0,35.0,20.0,26.0,28.0,23.0,25.0,25.0,15.0,17.0,14.0
D8_Dox_C1_ACGATACCAATGGACG-1,20.0,17.0,5.0,17.0,4.0,4.0,17.0,5.0,8.0,22.0,10.0,9.0,7.0,4.0,2.0,5.0,4.0,7.0,8.0,19.0,4.0,5.0,6.0,3.0,0.0
D8_Dox_C1_AAAGTAGCAAAGTCAA-1,37.0,29.0,48.0,29.0,16.0,14.0,12.0,14.0,16.0,10.0,11.0,10.0,5.0,1.0,1.0,22.0,5.0,3.0,2.0,3.0,13.0,7.0,6.0,5.0,5.0
D8_Dox_C2_GCAATCAGTCAGAAGC-1,36.0,32.0,16.0,23.0,29.0,17.0,22.0,14.0,19.0,6.0,5.0,11.0,12.0,7.0,21.0,10.0,14.0,10.0,8.0,7.0,14.0,4.0,6.0,18.0,13.0
D8_Dox_C1_CGTAGGCTCCATTCTA-1,32.0,27.0,32.0,24.0,26.0,13.0,10.0,16.0,11.0,14.0,15.0,22.0,13.0,5.0,4.0,20.0,12.0,10.0,5.0,34.0,7.0,15.0,8.0,8.0,1.0
D8_Dox_C1_GAACCTAGTCATCGGC-1,28.0,24.0,17.0,1.0,16.0,13.0,21.0,20.0,17.0,9.0,3.0,2.0,4.0,9.0,11.0,6.0,6.0,8.0,8.0,7.0,4.0,3.0,5.0,4.0,8.0
D8_Dox_C2_CTTTGCGAGTAACCCT-1,43.0,15.0,13.0,0.0,15.0,14.0,12.0,11.0,20.0,8.0,11.0,4.0,1.0,0.0,2.0,6.0,3.0,13.0,2.0,1.0,8.0,4.0,4.0,7.0,2.0
D8_Dox_C2_CGACTTCTCTCGAGTA-1,21.0,13.0,4.0,3.0,9.0,7.0,8.0,14.0,15.0,16.0,6.0,4.0,11.0,5.0,4.0,5.0,4.0,9.0,2.0,22.0,1.0,4.0,3.0,3.0,7.0
D8_Dox_C2_AGCAGCCTCGAACGGA-1,48.0,50.0,14.0,53.0,33.0,25.0,22.0,29.0,25.0,27.0,22.0,21.0,20.0,17.0,25.0,9.0,14.0,12.0,24.0,5.0,9.0,5.0,10.0,12.0,9.0
D8_Dox_C1_GCGCGATGTATAAACG-1,43.0,33.0,18.0,11.0,35.0,21.0,30.0,16.0,23.0,18.0,37.0,13.0,15.0,22.0,15.0,18.0,16.0,16.0,14.0,8.0,22.0,6.0,14.0,10.0,8.0
D8_Dox_C1_AGCAGCCCACAAGACG-1,98.0,189.0,169.0,370.0,43.0,92.0,51.0,63.0,67.0,34.0,43.0,33.0,17.0,32.0,10.0,87.0,24.0,22.0,20.0,24.0,36.0,26.0,23.0,15.0,16.0
D8_Dox_C2_CTCTGGTCACCTCGTT-1,15.0,14.0,7.0,15.0,13.0,8.0,19.0,9.0,8.0,4.0,7.0,7.0,6.0,11.0,9.0,0.0,2.0,6.0,10.0,0.0,5.0,3.0,6.0,10.0,3.0
D8_Dox_C2_TTAGTTCAGGAACTGC-1,28.0,36.0,14.0,15.0,16.0,19.0,18.0,12.0,9.0,7.0,10.0,10.0,7.0,12.0,6.0,9.0,9.0,14.0,10.0,9.0,7.0,0.0,5.0,6.0,12.0
D8_Dox_C1_TCTGGAAAGTACACCT-1,34.0,26.0,4.0,20.0,16.0,20.0,26.0,13.0,9.0,13.0,12.0,15.0,5.0,6.0,12.0,12.0,10.0,10.0,5.0,5.0,8.0,8.0,10.0,4.0,6.0
D8_Dox_C2_AACTCCCGTAAAGTCA-1,40.0,20.0,3.0,6.0,16.0,7.0,13.0,31.0,7.0,21.0,12.0,9.0,7.0,11.0,7.0,4.0,10.0,5.0,3.0,3.0,3.0,3.0,7.0,8.0,4.0
D8_Dox_C1_AGCCTAAAGATGGCGT-1,12.0,46.0,28.0,71.0,13.0,14.0,11.0,4.0,14.0,7.0,14.0,5.0,9.0,13.0,11.0,2.0,3.0,2.0,12.0,11.0,8.0,6.0,11.0,5.0,16.0
D8_Dox_C2_ACTTGTTGTTCAGCGC-1,35.0,36.0,12.0,19.0,28.0,19.0,25.0,23.0,21.0,14.0,15.0,16.0,17.0,11.0,25.0,21.0,15.0,14.0,5.0,6.0,11.0,11.0,7.0,8.0,19.0
D8_Dox_C1_TGCGGGTGTACAGACG-1,71.0,29.0,37.0,5.0,23.0,25.0,17.0,17.0,22.0,17.0,20.0,22.0,22.0,21.0,9.0,4.0,19.0,11.0,17.0,6.0,5.0,22.0,7.0,6.0,17.0
D8_Dox_C1_AACGTTGTCGTTTATC-1,55.0,41.0,13.0,16.0,26.0,27.0,22.0,31.0,19.0,16.0,23.0,26.0,15.0,24.0,9.0,5.0,21.0,18.0,10.0,7.0,10.0,14.0,13.0,8.0,11.0
D8_Dox_C1_CAGATCAGTCCAGTAT-1,97.0,101.0,96.0,69.0,59.0,64.0,93.0,40.0,47.0,65.0,60.0,29.0,52.0,47.0,68.0,32.0,37.0,38.0,40.0,48.0,30.0,31.0,49.0,33.0,24.0
D8_Dox_C2_GCAAACTTCTGGTTCC-1,30.0,58.0,67.0,63.0,21.0,8.0,29.0,14.0,23.0,9.0,17.0,9.0,10.0,9.0,4.0,43.0,11.0,16.0,12.0,17.0,7.0,6.0,10.0,6.0,13.0
D8_Dox_C2_TGGACGCTCGCAAACT-1,66.0,79.0,24.0,11.0,28.0,34.0,13.0,22.0,40.0,17.0,23.0,13.0,26.0,6.0,24.0,23.0,6.0,19.0,11.0,4.0,11.0,3.0,11.0,17.0,6.0
D8_Dox_C2_CAGCTAAGTCCAGTGC-1,36.0,41.0,21.0,6.0,22.0,27.0,15.0,27.0,26.0,17.0,15.0,17.0,11.0,12.0,17.0,5.0,10.0,8.0,7.0,4.0,14.0,6.0,6.0,5.0,12.0
D8_Dox_C2_CTTTGCGTCATATCGG-1,39.0,25.0,6.0,2.0,36.0,23.0,20.0,22.0,24.0,14.0,18.0,16.0,10.0,8.0,10.0,3.0,14.0,11.0,5.0,3.0,7.0,2.0,9.0,9.0,12.0
D8_Dox_C2_GGACATTGTCGGCATC-1,32.0,8.0,7.0,5.0,18.0,13.0,14.0,10.0,16.0,9.0,17.0,10.0,6.0,10.0,6.0,5.0,8.0,7.0,2.0,3.0,7.0,3.0,6.0,6.0,0.0
D8_Dox_C2_TCACGAACATACGCTA-1,20.0,15.0,4.0,15.0,19.0,8.0,6.0,7.0,9.0,11.0,14.0,13.0,3.0,5.0,1.0,1.0,5.0,6.0,2.0,2.0,4.0,4.0,1.0,5.0,4.0
D8_Dox_C2_CAGTCCTAGAGAGCTC-1,38.0,21.0,10.0,2.0,23.0,32.0,32.0,15.0,11.0,21.0,10.0,17.0,22.0,25.0,14.0,3.0,14.0,15.0,5.0,4.0,12.0,10.0,4.0,16.0,4.0
D8_Dox_C1_GCTCCTAAGGTGCTTT-1,25.0,38.0,100.0,21.0,18.0,9.0,13.0,13.0,19.0,18.0,19.0,20.0,22.0,7.0,19.0,3.0,11.0,12.0,18.0,13.0,7.0,17.0,6.0,5.0,9.0
D8_Dox_C2_TCACAAGCAGTACACT-1,45.0,58.0,28.0,7.0,41.0,26.0,26.0,25.0,24.0,30.0,20.0,26.0,31.0,12.0,17.0,0.0,34.0,16.0,10.0,9.0,11.0,10.0,16.0,13.0,12.0
D8_Dox_C1_CGACTTCTCCAGAAGG-1,122.0,74.0,39.0,49.0,57.0,60.0,66.0,42.0,56.0,63.0,53.0,35.0,34.0,40.0,10.0,39.0,34.0,37.0,31.0,16.0,21.0,33.0,17.0,25.0,18.0
D8_Dox_C1_CAGCCGAAGGGATACC-1,61.0,29.0,151.0,117.0,26.0,27.0,33.0,21.0,26.0,20.0,26.0,18.0,8.0,13.0,13.0,25.0,16.0,7.0,29.0,11.0,16.0,8.0,11.0,9.0,10.0
D8_Dox_C2_CCTACCATCGAACGGA-1,31.0,33.0,12.0,6.0,34.0,25.0,20.0,23.0,24.0,23.0,23.0,22.0,16.0,29.0,18.0,4.0,22.0,15.0,7.0,9.0,9.0,9.0,9.0,10.0,13.0
D8_Dox_C1_GGAGCAAGTGCATCTA-1,44.0,55.0,13.0,24.0,38.0,55.0,78.0,22.0,28.0,45.0,29.0,55.0,52.0,56.0,40.0,4.0,21.0,25.0,43.0,25.0,27.0,36.0,34.0,24.0,13.0
D8_Dox_C2_TACTCATGTCATGCCG-1,68.0,40.0,60.0,71.0,23.0,25.0,21.0,15.0,18.0,18.0,16.0,13.0,4.0,23.0,5.0,77.0,9.0,9.0,11.0,27.0,21.0,6.0,13.0,8.0,16.0
D8_Dox_C1_GACCAATGTGCTAGCC-1,28.0,14.0,37.0,18.0,13.0,11.0,10.0,6.0,10.0,11.0,8.0,5.0,8.0,4.0,9.0,14.0,7.0,9.0,23.0,16.0,5.0,9.0,7.0,2.0,4.0
D8_Dox_C2_CACACTCGTCGAGTTT-1,37.0,35.0,8.0,13.0,29.0,20.0,33.0,20.0,28.0,23.0,27.0,15.0,16.0,15.0,16.0,6.0,25.0,13.0,9.0,7.0,11.0,11.0,11.0,16.0,10.0
D8_Dox_C1_ACGTCAAGTAAACCTC-1,57.0,55.0,11.0,14.0,19.0,20.0,27.0,28.0,22.0,14.0,11.0,21.0,19.0,16.0,23.0,17.0,13.0,6.0,18.0,12.0,7.0,9.0,11.0,9.0,13.0
D8_Dox_C2_ATTGGTGCATATGAGA-1,41.0,38.0,9.0,35.0,33.0,33.0,32.0,18.0,23.0,33.0,28.0,24.0,31.0,24.0,36.0,5.0,32.0,20.0,17.0,15.0,11.0,10.0,12.0,13.0,15.0
D8_Dox_C1_CACAGGCCAGGGTATG-1,29.0,20.0,29.0,17.0,17.0,14.0,6.0,12.0,10.0,7.0,13.0,5.0,2.0,6.0,8.0,11.0,3.0,10.0,8.0,1.0,10.0,6.0,8.0,3.0,12.0
D8_Dox_C1_TACCTTAGTTTCCACC-1,36.0,23.0,52.0,31.0,17.0,17.0,18.0,17.0,17.0,9.0,15.0,9.0,9.0,7.0,5.0,28.0,11.0,6.0,5.0,3.0,6.0,5.0,6.0,10.0,7.0
D8_Dox_C1_AAGGAGCCATACGCCG-1,52.0,29.0,15.0,15.0,23.0,36.0,17.0,29.0,21.0,20.0,21.0,19.0,25.0,19.0,13.0,0.0,14.0,10.0,14.0,5.0,8.0,10.0,10.0,13.0,22.0
D8_Dox_C2_CCCATACGTTGTCTTT-1,38.0,55.0,27.0,20.0,20.0,16.0,10.0,8.0,13.0,10.0,12.0,10.0,6.0,7.0,3.0,12.0,9.0,4.0,9.0,7.0,3.0,3.0,4.0,3.0,9.0
D8_Dox_C1_CGATGGCAGCCAGAAC-1,131.0,150.0,45.0,98.0,70.0,66.0,51.0,70.0,54.0,52.0,59.0,42.0,40.0,26.0,14.0,35.0,43.0,19.0,50.0,31.0,25.0,36.0,22.0,28.0,15.0
D8_Dox_C1_GTATCTTTCCTAGTGA-1,28.0,32.0,14.0,3.0,12.0,12.0,12.0,15.0,23.0,6.0,12.0,12.0,24.0,6.0,17.0,4.0,9.0,7.0,8.0,10.0,7.0,11.0,3.0,5.0,9.0
D8_Dox_C2_TGCTGCTAGTTAACGA-1,22.0,13.0,56.0,36.0,27.0,18.0,11.0,15.0,21.0,12.0,9.0,13.0,16.0,13.0,24.0,4.0,5.0,5.0,10.0,3.0,6.0,8.0,6.0,7.0,10.0
D8_Dox_C2_GGCTCGAGTAGCAAAT-1,26.0,21.0,2.0,2.0,19.0,24.0,21.0,11.0,16.0,10.0,14.0,11.0,4.0,12.0,5.0,3.0,10.0,6.0,7.0,2.0,8.0,2.0,5.0,10.0,5.0
D8_Dox_C2_CAGTCCTTCGTGGTCG-1,44.0,22.0,54.0,28.0,42.0,41.0,51.0,30.0,38.0,56.0,29.0,54.0,27.0,35.0,27.0,4.0,46.0,31.0,21.0,12.0,13.0,19.0,10.0,16.0,18.0
D8_Dox_C2_CTGCCTACAGTCGTGC-1,45.0,34.0,16.0,39.0,22.0,29.0,8.0,19.0,9.0,14.0,27.0,9.0,9.0,13.0,0.0,15.0,6.0,10.0,9.0,4.0,6.0,7.0,9.0,16.0,6.0
D8_Dox_C2_CTTAGGACAAACTGTC-1,18.0,16.0,16.0,23.0,16.0,8.0,6.0,13.0,14.0,1.0,8.0,3.0,12.0,4.0,11.0,2.0,3.0,4.0,1.0,2.0,3.0,6.0,2.0,7.0,5.0
D8_Dox_C2_GATCTAGGTTTAGCTG-1,34.0,12.0,14.0,9.0,29.0,10.0,17.0,10.0,17.0,20.0,11.0,11.0,10.0,18.0,5.0,8.0,11.0,3.0,5.0,3.0,10.0,4.0,11.0,5.0,4.0
D8_Dox_C2_ACATCAGAGGCCCTCA-1,14.0,34.0,76.0,15.0,18.0,12.0,12.0,10.0,11.0,3.0,6.0,3.0,5.0,3.0,1.0,23.0,2.0,3.0,9.0,11.0,8.0,5.0,4.0,3.0,10.0
D8_Dox_C1_TTGCGTCTCATGCATG-1,57.0,27.0,42.0,7.0,24.0,26.0,25.0,26.0,20.0,19.0,22.0,22.0,21.0,21.0,15.0,5.0,16.0,15.0,23.0,7.0,7.0,10.0,12.0,14.0,10.0
D8_Dox_C1_CAACTAGAGCGTTCCG-1,38.0,44.0,22.0,0.0,23.0,30.0,34.0,16.0,18.0,35.0,14.0,30.0,20.0,22.0,22.0,1.0,21.0,13.0,5.0,6.0,14.0,8.0,24.0,13.0,9.0
D8_Dox_C2_CCTTACGAGCGCTCCA-1,15.0,19.0,3.0,11.0,16.0,8.0,15.0,12.0,9.0,8.0,8.0,19.0,11.0,8.0,13.0,4.0,10.0,9.0,5.0,6.0,5.0,12.0,8.0,3.0,9.0
D8_Dox_C2_TATCTCATCGGAGGTA-1,40.0,82.0,63.0,51.0,23.0,19.0,36.0,21.0,15.0,21.0,23.0,17.0,1.0,14.0,16.0,18.0,11.0,10.0,11.0,4.0,11.0,4.0,9.0,4.0,6.0
D8_Dox_C1_TCCACACGTGAAATCA-1,46.0,56.0,111.0,49.0,27.0,24.0,45.0,9.0,25.0,17.0,22.0,19.0,12.0,26.0,5.0,67.0,36.0,12.0,18.0,7.0,15.0,17.0,11.0,9.0,16.0
D8_Dox_C2_GTGTTAGAGCCATCGC-1,46.0,42.0,36.0,5.0,51.0,36.0,27.0,31.0,33.0,31.0,22.0,29.0,20.0,9.0,15.0,3.0,24.0,14.0,34.0,3.0,14.0,12.0,10.0,19.0,11.0
D8_Dox_C2_AACTCTTGTGTGAAAT-1,79.0,42.0,37.0,10.0,34.0,45.0,11.0,26.0,29.0,26.0,25.0,13.0,27.0,11.0,10.0,6.0,5.0,17.0,13.0,17.0,6.0,8.0,7.0,18.0,11.0
D8_Dox_C2_GAGGTGATCTCGCATC-1,30.0,23.0,14.0,8.0,18.0,14.0,20.0,15.0,12.0,19.0,30.0,12.0,11.0,9.0,21.0,6.0,14.0,14.0,9.0,6.0,8.0,4.0,11.0,4.0,7.0
D8_Dox_C1_CATTATCCATGACGGA-1,37.0,61.0,39.0,3.0,14.0,16.0,7.0,15.0,16.0,17.0,7.0,19.0,33.0,10.0,21.0,5.0,12.0,9.0,10.0,7.0,8.0,17.0,8.0,5.0,9.0
D8_Dox_C2_CGAGAAGTCGCCTGTT-1,20.0,6.0,10.0,4.0,11.0,5.0,9.0,11.0,17.0,9.0,11.0,6.0,12.0,4.0,11.0,0.0,4.0,3.0,6.0,1.0,6.0,3.0,10.0,7.0,4.0
D8_Dox_C1_TTAACTCAGAAACCTA-1,67.0,59.0,22.0,8.0,34.0,39.0,37.0,38.0,31.0,59.0,21.0,15.0,20.0,19.0,30.0,17.0,17.0,23.0,6.0,20.0,14.0,16.0,11.0,12.0,13.0
D8_Dox_C2_CTCAGAAGTAGCGCTC-1,74.0,57.0,8.0,22.0,55.0,50.0,39.0,51.0,35.0,32.0,41.0,36.0,28.0,29.0,8.0,8.0,41.0,25.0,29.0,11.0,11.0,13.0,17.0,24.0,21.0
D8_Dox_C1_CTCGGGAGTGCAGGTA-1,28.0,26.0,29.0,11.0,14.0,22.0,15.0,10.0,10.0,9.0,10.0,11.0,6.0,9.0,10.0,3.0,8.0,6.0,3.0,3.0,6.0,3.0,7.0,9.0,10.0
D8_Dox_C2_CTCTACGGTCTCCCTA-1,18.0,69.0,74.0,46.0,21.0,10.0,7.0,12.0,29.0,7.0,7.0,9.0,5.0,4.0,3.0,5.0,11.0,3.0,12.0,8.0,5.0,3.0,5.0,2.0,5.0
D8_Dox_C1_TGGCCAGTCACATACG-1,24.0,17.0,11.0,13.0,12.0,15.0,12.0,11.0,11.0,12.0,11.0,4.0,3.0,9.0,4.0,3.0,4.0,10.0,2.0,2.0,4.0,4.0,9.0,8.0,9.0
D8_Dox_C1_GCACTCTCAAACCTAC-1,19.0,23.0,21.0,51.0,11.0,12.0,15.0,6.0,10.0,9.0,8.0,7.0,9.0,9.0,2.0,22.0,10.0,11.0,3.0,37.0,12.0,4.0,6.0,5.0,1.0
D8_Dox_C1_TTAGGACTCAACACAC-1,44.0,59.0,139.0,138.0,23.0,23.0,46.0,20.0,24.0,17.0,30.0,32.0,29.0,44.0,18.0,17.0,29.0,17.0,32.0,48.0,16.0,19.0,16.0,11.0,17.0
D8_Dox_C2_CGTAGCGCAGTAAGAT-1,62.0,41.0,81.0,15.0,27.0,33.0,22.0,17.0,31.0,15.0,14.0,16.0,7.0,13.0,21.0,8.0,12.0,15.0,13.0,8.0,5.0,3.0,10.0,14.0,7.0
D8_Dox_C2_TGCACCTTCACATACG-1,47.0,22.0,25.0,38.0,20.0,17.0,19.0,19.0,13.0,13.0,14.0,8.0,7.0,10.0,7.0,15.0,12.0,13.0,13.0,5.0,6.0,6.0,5.0,6.0,13.0
D8_Dox_C1_GCTTGAAGTGACAAAT-1,35.0,29.0,23.0,36.0,14.0,14.0,18.0,18.0,22.0,10.0,15.0,19.0,10.0,16.0,5.0,12.0,6.0,10.0,9.0,6.0,9.0,6.0,7.0,10.0,7.0
D8_Dox_C2_TTAGGACAGTGGGATC-1,47.0,19.0,84.0,16.0,33.0,25.0,25.0,22.0,35.0,30.0,23.0,23.0,27.0,20.0,27.0,12.0,11.0,14.0,7.0,19.0,19.0,15.0,11.0,7.0,17.0
D8_Dox_C2_GCAGCCACAGAAGCAC-1,78.0,97.0,77.0,77.0,49.0,42.0,32.0,46.0,32.0,26.0,48.0,40.0,20.0,40.0,14.0,60.0,29.0,22.0,39.0,41.0,18.0,23.0,17.0,11.0,18.0
D8_Dox_C1_GTACTCCCACTTAACG-1,26.0,23.0,23.0,21.0,17.0,11.0,31.0,12.0,14.0,15.0,17.0,5.0,14.0,10.0,14.0,3.0,8.0,15.0,11.0,9.0,6.0,2.0,7.0,6.0,12.0
D8_Dox_C1_ACTGATGAGTGCCATT-1,29.0,30.0,43.0,41.0,16.0,15.0,14.0,15.0,11.0,10.0,15.0,4.0,2.0,12.0,3.0,29.0,4.0,3.0,5.0,23.0,4.0,1.0,4.0,2.0,5.0
D8_Dox_C2_CACATAGTCTTGCATT-1,44.0,73.0,16.0,13.0,25.0,31.0,19.0,19.0,21.0,17.0,23.0,21.0,11.0,23.0,8.0,11.0,17.0,10.0,2.0,2.0,12.0,5.0,12.0,10.0,6.0
D8_Dox_C1_GGCTGGTGTCGCCATG-1,41.0,49.0,35.0,2.0,45.0,37.0,32.0,26.0,25.0,36.0,15.0,28.0,31.0,22.0,36.0,4.0,14.0,20.0,8.0,6.0,17.0,23.0,13.0,12.0,21.0
D8_Dox_C2_ATCGAGTCACAAGCCC-1,23.0,17.0,4.0,19.0,20.0,8.0,10.0,11.0,14.0,10.0,14.0,13.0,4.0,3.0,3.0,3.0,8.0,8.0,0.0,2.0,4.0,5.0,7.0,3.0,1.0
D8_Dox_C1_TGGTTCCAGGAATCGC-1,62.0,58.0,47.0,72.0,49.0,39.0,62.0,46.0,37.0,67.0,30.0,35.0,38.0,34.0,83.0,33.0,24.0,17.0,11.0,21.0,25.0,28.0,24.0,21.0,19.0
D8_Dox_C2_CCGTGGAAGATCGGGT-1,42.0,229.0,46.0,38.0,19.0,21.0,20.0,18.0,19.0,20.0,10.0,25.0,2.0,27.0,0.0,32.0,20.0,12.0,13.0,5.0,10.0,2.0,6.0,5.0,7.0
D8_Dox_C1_ATTGGTGAGTGGTCCC-1,25.0,37.0,21.0,50.0,18.0,19.0,17.0,21.0,16.0,17.0,14.0,21.0,13.0,10.0,12.0,19.0,8.0,7.0,9.0,10.0,10.0,5.0,9.0,8.0,7.0
D8_Dox_C1_CGCTTCAGTCACACGC-1,58.0,36.0,38.0,30.0,39.0,37.0,57.0,28.0,28.0,42.0,28.0,23.0,38.0,45.0,26.0,4.0,31.0,20.0,8.0,10.0,21.0,25.0,23.0,13.0,13.0
D8_Dox_C1_GCGAGAATCCTTCAAT-1,31.0,35.0,12.0,5.0,21.0,29.0,25.0,22.0,18.0,13.0,14.0,12.0,19.0,8.0,24.0,3.0,12.0,8.0,5.0,5.0,13.0,10.0,11.0,9.0,12.0
D8_Dox_C2_CATCAGACATAGACTC-1,82.0,67.0,16.0,16.0,64.0,57.0,46.0,36.0,27.0,43.0,43.0,46.0,15.0,33.0,11.0,17.0,33.0,21.0,15.0,8.0,15.0,23.0,26.0,21.0,7.0
D8_Dox_C2_CAGATCACATCTGGTA-1,35.0,61.0,8.0,25.0,18.0,17.0,14.0,26.0,20.0,23.0,15.0,11.0,7.0,20.0,5.0,10.0,18.0,13.0,7.0,6.0,4.0,8.0,4.0,8.0,4.0
D8_Dox_C2_GCGCAGTAGTACGCCC-1,52.0,35.0,18.0,117.0,22.0,23.0,35.0,27.0,15.0,29.0,32.0,19.0,34.0,37.0,26.0,12.0,11.0,16.0,14.0,14.0,11.0,19.0,17.0,21.0,8.0
D8_Dox_C1_GCGCCAATCTTTAGGG-1,21.0,14.0,18.0,4.0,11.0,18.0,11.0,20.0,8.0,9.0,14.0,4.0,4.0,1.0,4.0,9.0,2.0,4.0,1.0,3.0,5.0,3.0,2.0,3.0,5.0
D8_Dox_C2_TCAGGATAGTGGACGT-1,53.0,18.0,26.0,5.0,15.0,13.0,34.0,29.0,19.0,12.0,17.0,18.0,13.0,19.0,5.0,11.0,22.0,12.0,2.0,8.0,7.0,6.0,9.0,14.0,4.0
D8_Dox_C2_TCGAGGCAGTACGCGA-1,53.0,13.0,32.0,19.0,25.0,31.0,7.0,22.0,16.0,12.0,30.0,12.0,7.0,8.0,2.0,11.0,23.0,11.0,6.0,6.0,5.0,5.0,7.0,7.0,3.0
D8_Dox_C1_GATCAGTTCCTGTAGA-1,11.0,13.0,12.0,10.0,10.0,8.0,9.0,4.0,6.0,8.0,7.0,8.0,6.0,6.0,9.0,0.0,3.0,1.0,4.0,17.0,6.0,14.0,4.0,3.0,3.0
D8_Dox_C1_AGGCCACCATGTTGAC-1,59.0,54.0,15.0,7.0,16.0,21.0,19.0,11.0,16.0,19.0,7.0,9.0,20.0,15.0,15.0,6.0,26.0,6.0,5.0,7.0,13.0,14.0,9.0,6.0,8.0
D8_Dox_C2_CATATTCTCACCTCGT-1,32.0,40.0,9.0,10.0,15.0,17.0,14.0,13.0,17.0,19.0,8.0,13.0,16.0,10.0,12.0,3.0,6.0,3.0,4.0,3.0,9.0,8.0,3.0,5.0,8.0
D8_Dox_C1_AAGGCAGGTATAGGGC-1,18.0,26.0,49.0,11.0,17.0,11.0,6.0,9.0,14.0,2.0,12.0,3.0,7.0,5.0,14.0,11.0,5.0,10.0,3.0,2.0,6.0,7.0,5.0,6.0,14.0
D8_Dox_C2_GCACTCTGTTCATGGT-1,44.0,27.0,6.0,2.0,16.0,16.0,27.0,13.0,17.0,18.0,16.0,13.0,17.0,20.0,7.0,1.0,15.0,10.0,9.0,3.0,8.0,12.0,13.0,13.0,9.0
D8_Dox_C1_GTGCAGCGTACCCAAT-1,44.0,40.0,50.0,16.0,20.0,16.0,16.0,18.0,24.0,13.0,20.0,13.0,10.0,14.0,0.0,19.0,11.0,10.0,14.0,11.0,12.0,5.0,4.0,8.0,8.0
D8_Dox_C2_ACGGAGATCACCAGGC-1,1.0,4.0,37.0,49.0,10.0,11.0,7.0,7.0,8.0,3.0,10.0,7.0,13.0,7.0,6.0,1.0,3.0,8.0,12.0,0.0,10.0,0.0,6.0,1.0,2.0
D8_Dox_C1_ACGGGCTCAAATACAG-1,18.0,9.0,19.0,4.0,6.0,15.0,4.0,13.0,6.0,11.0,8.0,10.0,8.0,2.0,14.0,4.0,3.0,2.0,10.0,24.0,2.0,6.0,2.0,3.0,9.0
D8_Dox_C2_GTATTCTGTGGGTATG-1,19.0,19.0,12.0,22.0,21.0,8.0,16.0,9.0,14.0,16.0,13.0,10.0,10.0,16.0,7.0,1.0,8.0,13.0,4.0,8.0,4.0,4.0,6.0,10.0,9.0
